T0_signal_date,T1_entry_date,symbol,cap_segment,side,side_total_cr,total_qty,t0_volume,vol_ratio_pct,client_names,t0_close,t1_first_open,gap_pct,entry_ts,entry_price,hard_sl,stop_distance,t1_target,t2_target,hit_t1,t1_exit_price,t1_exit_ts,exit_ts,exit_price,exit_reason,qty,realized_pnl,fee,net_pnl
2023-10-25,2023-10-26,NSE:ABFRL,mid_cap,SHORT,206.8283,9733098,3012517,323.0885668031085,GRIFFIN GROWTH FUND VCC,211.6,212.0,0.1890359168241984,2023-10-26 09:25:00,208.7,211.83049999999997,3.1304999999999836,205.5695,202.43900000000002,False,,,2023-10-26 10:00:00,211.83049999999997,stop,319,-998.6294999999948,70.85668516367699,-1069.4861851636717
2024-08-07,2024-08-08,NSE:ADFFOODS,small_cap,SHORT,84.59,3845000,195910,1962.6359042417437,INFINITY HOLDINGS,221.35,223.64,1.0345606505534288,2024-08-08 09:25:00,226.66,230.05989999999997,3.399899999999974,223.26010000000002,219.86020000000005,False,,,2024-08-08 14:30:00,225.25,time_stop,294,414.539999999999,70.64901892524,343.890981074759
2024-08-20,2024-08-21,NSE:ADFFOODS,small_cap,SHORT,100.1044,4400000,1206518,364.68581488216506,INFINITY HOLDINGS,234.9,233.96,-0.4001702852277522,2024-08-21 09:25:00,232.07,235.55104999999998,3.481049999999982,228.58895,225.10790000000003,True,228.58895,2024-08-21 11:15:00,2024-08-21 14:30:00,228.29344895470385,time_stop,287,1083.8701499999966,70.3308767166491,1013.5392732833475
2024-08-28,2024-08-29,NSE:ADFFOODS,small_cap,SHORT,47.2516,1755000,1263035,138.95101877620178,INFINITY HOLDINGS,266.0,263.0,-1.1278195488721776,2024-08-29 09:25:00,267.8,271.817,4.016999999999996,263.783,259.766,False,,,2024-08-29 09:35:00,271.817,stop,248,-996.215999999999,70.74247462849601,-1066.958474628495
2024-06-19,2024-06-20,NSE:ADVENZYMES,small_cap,SHORT,425.5499,11053245,312344,3538.8049714417434,ORBIMED ASIA III MAURITIUS LIMITED,380.7,402.0,5.594956658786443,2024-06-20 09:25:00,399.85,405.84774999999996,5.9977499999999395,393.8522500000001,387.85450000000014,False,,,2024-06-20 11:45:00,405.84774999999996,stop,166,-995.62649999999,70.714578581059,-1066.341078581049
2024-02-28,2024-02-29,NSE:APTUS,mid_cap,SHORT,105.2843,3205000,163236,1963.41493298047,STEADVIEW CAPITAL OPPORTUNITIES PCC,328.6,330.0,0.42604990870358517,2024-02-29 09:25:00,327.4,332.3109999999999,4.9109999999999445,322.48900000000003,317.5780000000001,False,,,2024-02-29 14:10:00,332.3109999999999,stop,203,-996.9329999999887,70.77640417219801,-1067.7094041721869
2024-09-11,2024-09-12,NSE:ARVINDFASN,mid_cap,SHORT,323.2381,5623000,5646784,99.57880450181908,MULTIPLES PRIVATE EQUITY FUND II LLP / PLENTY CI FUND I LIMITED / PLENTY PRIVATE EQUITY FUND I LIMITED,585.0,590.0,0.8547008547008517,2024-09-12 09:25:00,584.5,593.2674999999999,8.767499999999927,575.7325000000001,566.9650000000001,False,,,2024-09-12 10:30:00,593.2674999999999,stop,114,-999.4949999999917,70.89764195597,-1070.3926419559616
2024-08-14,2024-08-16,NSE:ASHAPURMIN,mid_cap,SHORT,117.9035,3467750,279914,1238.8626506712776,LTS INVESTMENT FUND LTD,347.0,345.85,-0.33141210374638685,2024-08-16 09:25:00,347.75,352.96624999999995,5.216249999999945,342.53375000000005,337.3175000000001,True,342.53375000000005,2024-08-16 09:30:00,2024-08-16 09:35:00,339.91196989528805,t2,191,1497.0637499999843,69.96136709636751,1427.102382903617
2024-12-11,2024-12-12,NSE:AWFIS,small_cap,SHORT,415.7459,5856401,2698618,217.0148201783283,BISQUE LIMITED / PEAK XV PARTNERS INVESTMENTS V,784.5,795.0,1.3384321223709472,2024-12-12 09:25:00,792.0,803.8799999999999,11.879999999999882,780.1200000000001,768.2400000000002,True,780.1200000000001,2024-12-12 09:50:00,2024-12-12 10:45:00,774.1800000000001,t2,84,1496.879999999985,70.07596252272,1426.8040374772652
2023-11-23,2023-11-24,NSE:BAJAJELEC,mid_cap,SHORT,47.1523,471052,59325,794.0193847450485,RISHAB FAMILY TRUST,1002.0,1007.0,0.4990019960079861,2023-11-24 09:25:00,1004.35,1019.4152499999999,15.065249999999878,989.2847500000001,974.2195000000003,False,,,2023-11-24 14:30:00,994.65,time_stop,66,640.200000000003,70.180941204,570.019058796003
2024-04-23,2024-04-24,NSE:BIKAJI,mid_cap,SHORT,12.6748,246568,64590,381.743303917015,MARSHALL WACE INVESTMENT STRATEGIES - EUREKA FUND,519.7,524.3,0.8851260342505052,2024-04-24 09:25:00,522.45,530.28675,7.836749999999938,514.6132500000001,506.77650000000017,False,,,2024-04-24 12:10:00,530.28675,stop,127,-995.2672499999921,70.6975783180535,-1065.9648283180456
2024-03-07,2024-03-11,NSE:BSOFT,mid_cap,SHORT,15.6546,203544,1362870,14.934953443835436,SEB FUND 3 SEB PENSION FUND,771.0,765.0,-0.7782101167315147,2024-03-11 09:25:00,762.95,774.3942499999999,11.444249999999897,751.5057500000001,740.0615000000003,False,,,2024-03-11 11:30:00,774.3942499999999,stop,87,-995.6497499999911,70.7156788068485,-1066.3654288068396
2024-01-25,2024-01-29,NSE:CAMPUS,mid_cap,SHORT,35.844,1332243,320004,416.32073349083134,SOCIETE GENERALE,268.1,269.2,0.41029466616933075,2024-01-29 09:25:00,269.05,273.08574999999996,4.03574999999995,265.01425000000006,260.9785000000001,False,,,2024-01-29 10:40:00,273.08574999999996,stop,247,-996.8302499999877,70.7715418840315,-1067.6017918840191
2024-02-21,2024-02-22,NSE:CAMPUS,mid_cap,SHORT,99.5925,4065000,24492043,16.597227107595717,QRG INVESTMENTS AND HOLDINGS LIMITED,253.0,256.4,1.3438735177865535,2024-02-22 09:25:00,263.8,267.757,3.9569999999999936,259.843,255.88600000000002,True,259.843,2024-02-22 09:30:00,2024-02-22 10:35:00,257.8645,t2,252,1495.7459999999976,70.02287467232401,1425.7231253276736
2024-04-23,2024-04-24,NSE:CAMPUS,mid_cap,SHORT,17.2148,737249,635654,115.98275162273816,MARSHALL WACE INVESTMENT STRATEGIES - EUREKA FUND,236.8,239.0,0.929054054054057,2024-04-24 09:25:00,240.45,244.05674999999997,3.606749999999977,236.84325,233.23650000000004,False,,,2024-04-24 09:35:00,244.05674999999997,stop,277,-999.0697499999935,70.87751847136849,-1069.947268471362
2024-01-25,2024-01-29,NSE:CAMS,mid_cap,SHORT,22.8085,83459,372535,22.402995691679976,SOCIETE GENERALE,548.6,543.0,-1.0207801676995976,2024-01-29 09:25:00,547.1,555.3064999999999,8.206499999999892,538.8935000000001,530.6870000000002,False,,,2024-01-29 14:30:00,547.4,time_stop,121,-36.2999999999945,70.372494907,-106.6724949069945
2024-09-23,2024-09-24,NSE:CAPACITE,small_cap,SHORT,14.85,375000,899583,41.685981171276026,RAHUL RAMNATH KATYAL,394.6,395.25,0.164723770907238,2024-09-24 09:25:00,407.85,413.96774999999997,6.117749999999944,401.7322500000001,395.61450000000013,True,401.7322500000001,2024-09-24 09:50:00,2024-09-24 10:00:00,404.8098911042946,breakeven_trail,163,495.53774999999547,70.4464409135235,425.09130908647194
2024-09-25,2024-09-26,NSE:CAPACITE,small_cap,SHORT,14.85,375000,2609759,14.369142897869114,RAHUL RAMNATH KATYAL,400.3,401.35,0.26230327254559427,2024-09-26 09:25:00,397.8,403.767,5.9669999999999845,391.833,385.86600000000004,False,,,2024-09-26 10:45:00,403.767,stop,167,-996.4889999999974,70.75539340873401,-1067.2443934087314
2024-09-27,2024-09-30,NSE:CAPACITE,small_cap,SHORT,11.5011,283000,2137101,13.24223796629172,RAHUL RAMNATH KATYAL,396.0,398.8,0.7070707070707005,2024-09-30 09:25:00,401.3,407.31949999999995,6.019499999999937,395.2805000000001,389.26100000000014,False,,,2024-09-30 14:30:00,395.8,time_stop,166,913.0,70.41532795159998,842.5846720484001
2023-06-22,2023-06-23,NSE:CRAFTSMAN,mid_cap,SHORT,316.8,800000,33975,2354.6725533480503,SRINIVASAN  MURALI,3985.0,4099.0,2.860727728983692,2023-06-23 09:25:00,4045.0,4105.674999999999,60.67499999999927,3984.3250000000007,3923.6500000000015,True,3984.3250000000007,2023-06-23 13:30:00,2023-06-23 14:30:00,4001.0875000000005,time_stop,16,702.5999999999949,68.48911278439999,634.1108872155949
2024-06-27,2024-06-28,NSE:CSBBANK,mid_cap,SHORT,595.0415,16868645,2549999,661.5157496140195,FIH MAURITIUS INVESTMENTS LTD,365.0,368.9,1.068493150684935,2024-06-28 09:25:00,371.85,377.42775,5.5777499999999804,366.27225000000004,360.69450000000006,False,,,2024-06-28 09:30:00,377.42775,stop,179,-998.4172499999966,70.84664116695349,-1069.26389116695
2024-09-03,2024-09-04,NSE:CYIENTDLM,small_cap,SHORT,19.023,259753,172151,150.88672154097276,MORGAN STANLEY ASIA (SINGAPORE) PTE. - ODI,726.5,722.0,-0.619408121128695,2024-09-04 09:25:00,726.65,737.5497499999999,10.899749999999926,715.75025,704.8505000000001,False,,,2024-09-04 14:30:00,723.3,time_stop,91,304.85000000000207,70.1501373027,234.69986269730208
2023-10-19,2023-10-20,NSE:DCW,small_cap,SHORT,27.9693,4972323,6395171,77.75121259462804,APMS INVESTMENT FUND LTD,58.8,58.4,-0.6802721088435382,2023-10-20 09:25:00,58.75,59.631249999999994,0.8812499999999943,57.868750000000006,56.98750000000001,False,,,2023-10-20 09:50:00,59.631249999999994,stop,1134,-999.3374999999935,70.890188813525,-1070.2276888135184
2024-08-08,2024-08-09,NSE:DCW,small_cap,SHORT,17.5859,2464733,16736194,14.72696241451312,LTS INVESTMENT FUND LTD,70.9,71.81,1.2834978843441425,2024-08-09 09:25:00,73.4,74.501,1.100999999999999,72.299,71.19800000000001,False,,,2024-08-09 10:10:00,74.501,stop,908,-999.7079999999992,70.907721443848,-1070.6157214438472
2024-12-20,2024-12-23,NSE:DIAMONDYD,small_cap,SHORT,63.2796,645677,1136233,56.826108729459534,KOTAK MAHINDRA MUTUAL FUND,1088.15,1086.4,-0.16082341588935511,2024-12-23 09:25:00,1057.4,1073.261,15.860999999999876,1041.5390000000002,1025.6780000000003,False,,,2024-12-23 09:30:00,1073.261,stop,63,-999.2429999999922,70.885716928058,-1070.1287169280502
2024-11-06,2024-11-07,NSE:DODLA,mid_cap,SHORT,10.0035,85500,109901,77.79729028853241,VENKAT KRISHNA REDDY BUSIREDDY,1166.95,1160.0,-0.5955696473713523,2024-11-07 09:25:00,1169.0,1186.5349999999999,17.534999999999854,1151.4650000000001,1133.9300000000003,False,,,2024-11-07 14:30:00,1159.6,time_stop,57,535.8000000000052,70.59256266119999,465.2074373388052
2024-03-06,2024-03-07,NSE:DOLLAR,small_cap,SHORT,24.5,500000,1438622,34.75548128695377,BAJRANG KUMAR GUPTA,529.0,529.0,0.0,2024-03-07 09:25:00,535.0,543.025,8.024999999999977,526.975,518.95,True,526.975,2024-03-07 14:00:00,2024-03-07 14:30:00,526.0125,time_stop,124,1114.4500000000014,70.0373121633,1044.4126878367015
2024-09-13,2024-09-16,NSE:EDELWEISS,mid_cap,SHORT,122.4996,9879000,9083987,108.75180688831898,EDELWEISS EMPLOYEES WELFARE TRUST,125.14,127.95,2.2454850567364515,2024-09-16 09:25:00,135.8,137.837,2.0369999999999777,133.76300000000003,131.72600000000006,True,133.76300000000003,2024-09-16 09:45:00,2024-09-16 10:05:00,132.74450000000004,t2,490,1497.1949999999836,70.09070914783,1427.1042908521536
2024-09-16,2024-09-17,NSE:EDELWEISS,mid_cap,SHORT,34.1,2750000,18719510,14.690555468599339,EDELWEISS EMPLOYEES WELFARE TRUST,130.4,131.9,1.1503067484662566,2024-09-17 09:25:00,127.62,129.5343,1.9142999999999972,125.70570000000001,123.79140000000001,False,,,2024-09-17 09:45:00,129.5343,stop,522,-999.2645999999986,70.8867390733076,-1070.1513390733062
2024-09-25,2024-09-26,NSE:EDELWEISS,mid_cap,SHORT,24.9924,1837000,5095711,36.049925123304675,EDELWEISS EMPLOYEES WELFARE TRUST,133.85,134.0,0.11206574523721091,2024-09-26 09:25:00,135.47,137.50205,2.032049999999998,133.43795,131.4059,True,133.43795,2024-09-26 09:40:00,2024-09-26 13:50:00,134.453975,breakeven_trail,492,499.88429999999954,70.6270834435542,429.2572165564453
2024-12-18,2024-12-19,NSE:EDELWEISS,mid_cap,SHORT,13.726,1000000,8458458,11.822485847893315,EDELWEISS EMPLOYEES WELFARE TRUST,133.7,129.71,-2.984293193717258,2024-12-19 09:25:00,128.54,130.4681,1.9281000000000006,126.61189999999999,124.68379999999999,False,,,2024-12-19 09:35:00,130.4681,stop,518,-998.7558000000004,70.8626618740948,-1069.6184618740951
2024-08-19,2024-08-20,NSE:ETHOSLTD,mid_cap,SHORT,100.38,300000,49675,603.9255158530448,MAHEN DISTRIBUTION LIMITED / MASTER CAPITAL SERVICES LIMITED,3307.9,3296.0,-0.3597448532301484,2024-08-20 09:25:00,3357.1,3407.4565,50.35649999999987,3306.7435,3256.387,True,3306.7435,2024-08-20 10:05:00,2024-08-20 14:30:00,3301.2206052631577,time_stop,19,1061.708499999998,67.343946806649,994.3645531933489
2023-09-15,2023-09-18,NSE:FIVESTAR,mid_cap,SHORT,211.3543,3018700,638329,472.9066045879162,SCHF PV MAURITIUS LIMITED,690.0,696.5,0.9420289855072372,2023-09-18 09:25:00,699.6,710.0939999999999,10.493999999999915,689.1060000000001,678.6120000000002,False,,,2023-09-18 14:30:00,699.3,time_stop,95,28.50000000000648,70.624601073,-42.124601072993514
2024-09-26,2024-09-27,NSE:FIVESTAR,mid_cap,SHORT,1086.1122,13567923,22283499,60.88775824658417,PEAK XV PARTNERS INVESTMENTS V / TPG ASIA VII SF PTE LTD,796.35,805.95,1.2055000941797012,2024-09-27 09:25:00,803.45,815.50175,12.05174999999997,791.3982500000001,779.3465000000001,False,,,2024-09-27 13:30:00,815.50175,stop,82,-988.2434999999975,70.36520365616101,-1058.6087036561585
2024-08-28,2024-08-29,NSE:GMMPFAUDLR,small_cap,SHORT,557.289,4121960,6545803,62.97103655579003,ATREIDES INVESTMENTS B.V. / GERANIUM INVESTMENTS LIMITED,1402.9,1410.0,0.5060945184973908,2024-08-29 09:25:00,1403.75,1424.8062499999999,21.056249999999864,1382.6937500000001,1361.6375000000003,False,,,2024-08-29 10:10:00,1424.8062499999999,stop,47,-989.6437499999936,70.4314656416125,-1060.075215641606
2024-07-11,2024-07-12,NSE:GODREJAGRO,mid_cap,SHORT,331.7132,4146156,236013,1756.7489926402359,R K N ENTERPRISES,809.6,817.8,1.0128458498023685,2024-07-12 09:25:00,812.55,824.7382499999999,12.188249999999925,800.36175,788.1735000000001,False,,,2024-07-12 10:20:00,824.7382499999999,stop,82,-999.4364999999939,70.894873645919,-1070.331373645913
2024-05-22,2024-05-23,NSE:GRANULES,mid_cap,SHORT,303.81,7500000,4025300,186.32151640871487,KRISHNA PRASAD CHIGURUPATI,427.95,430.0,0.4790279238228834,2024-05-23 09:25:00,434.0,440.50999999999993,6.509999999999934,427.49000000000007,420.98000000000013,True,427.49000000000007,2024-05-23 10:35:00,2024-05-23 14:30:00,427.84732026143797,time_stop,153,941.3599999999958,70.17614767184,871.1838523281558
2024-12-20,2024-12-23,NSE:GRANULES,mid_cap,SHORT,190.72639999999998,3200000,3931490,81.39407705475531,DENDANA INVEST MAURITIUS LTD / FIDELITY FUNDS.- INDIA FOCUS FUND / FIDELITY INDIA FUND,591.0,593.9,0.49069373942469685,2024-12-23 09:25:00,589.45,598.29175,8.841749999999934,580.6082500000001,571.7665000000002,True,580.6082500000001,2024-12-23 09:55:00,2024-12-23 10:30:00,585.0682477876106,breakeven_trail,113,495.1379999999963,70.58296815017201,424.5550318498243
2023-05-29,2023-05-30,NSE:GRAVITA,mid_cap,SHORT,180.8,3200000,561680,569.7194131890044,RAJAT AGRAWAL,578.9,577.05,-0.31957160131284024,2023-05-30 09:25:00,580.45,589.15675,8.706749999999943,571.7432500000001,563.0365000000002,True,571.7432500000001,2023-05-30 09:35:00,2023-05-30 14:25:00,576.0966250000001,breakeven_trail,114,496.28474999999673,70.11851432424149,426.1662356757553
2024-05-03,2024-05-06,NSE:GRAVITA,mid_cap,SHORT,70.08,750000,172812,433.99763905284357,RAJAT AGRAWAL,947.8,967.45,2.0732221987761257,2024-05-06 09:25:00,950.5,964.7574999999999,14.257499999999936,936.2425000000001,921.9850000000001,True,936.2425000000001,2024-05-06 09:35:00,2024-05-06 10:15:00,943.37125,breakeven_trail,70,499.0124999999978,70.503909558425,428.5085904415728
2024-03-05,2024-03-06,NSE:HATSUN,mid_cap,SHORT,11.3138,100162,7918,1264.9911593836828,MALABAR VALUE FUND   - AIF,1127.0,1138.8,1.0470275066548407,2024-03-06 09:25:00,1131.65,1148.62475,16.974749999999858,1114.6752500000002,1097.7005000000004,False,,,2024-03-06 14:30:00,1133.95,time_stop,58,-133.39999999999736,69.8146251488,-203.21462514879738
2023-06-01,2023-06-02,NSE:HCG,mid_cap,SHORT,114.4,3575000,831009,430.1999135990104,B S AJAIKUMAR,322.8,323.0,0.06195786864930941,2023-06-02 09:25:00,320.4,325.20599999999996,4.805999999999983,315.594,310.788,True,315.594,2023-06-02 12:05:00,2023-06-02 14:30:00,316.072,time_stop,208,900.2239999999947,70.449832883456,829.7741671165387
2023-03-15,2023-03-16,NSE:HIKAL,small_cap,SHORT,18.2472,614385,2196068,27.976592710243946,CYBAGE SOFTWARE PRIVATE LIMITED,284.85,285.1,0.087765490609093,2023-03-16 09:25:00,294.0,298.40999999999997,4.409999999999968,289.59000000000003,285.18000000000006,False,,,2023-03-16 09:30:00,298.40999999999997,stop,226,-996.6599999999928,70.76348539196,-1067.423485391953
2024-06-26,2024-06-27,NSE:HNDFDS,mid_cap,SHORT,638.4021,12717173,3588276,354.40899752415925,INFINITY CONSUMER HOLDINGS / JWALAMUKHI INVESTMENT HOLDINGS / KONARK TRUST / SIXTH SENSE INDIA OPPORTUNITIES 11 / WESTBRIDGE AIF I,534.05,542.05,1.4979870798614403,2024-06-27 09:25:00,530.15,538.1022499999999,7.952249999999935,522.19775,514.2455000000001,False,,,2024-06-27 12:35:00,538.1022499999999,stop,125,-994.0312499999919,70.6390888954375,-1064.6703388954295
2024-08-28,2024-08-29,NSE:HNDFDS,mid_cap,SHORT,14.5811,255540,99309,257.3180678488355,INFINITY HOLDINGS,570.2,580.6,1.8239214310768137,2024-08-29 09:25:00,577.55,586.2132499999999,8.663249999999948,568.88675,560.2235000000001,False,,,2024-08-29 14:30:00,572.55,time_stop,115,575.0,70.347804669,504.65219533100003
2023-06-26,2023-06-27,NSE:INDNIPPON,small_cap,SHORT,61.9676,1414786,72583,1949.1974704820689,MAHLE ELECTRIC DRIVES JAPAN CORPORATION,442.1,442.0,-0.022619316896632657,2023-06-27 09:25:00,445.85,452.53774999999996,6.687749999999937,439.1622500000001,432.47450000000015,True,439.1622500000001,2023-06-27 10:45:00,2023-06-27 14:30:00,438.1745402684564,time_stop,149,1143.6434999999979,70.122416567039,1073.521083432959
2023-12-19,2023-12-20,NSE:JINDALSAW,mid_cap,SHORT,96.97659999999999,2260000,2708414,83.44366850858104,ALBULA INVESTMENT FUND LTD / CRESTA FUND LTD,219.4,221.0,0.7292616226071136,2023-12-20 09:25:00,222.5,225.83749999999998,3.3374999999999773,219.16250000000002,215.82500000000005,True,219.16250000000002,2023-12-20 09:35:00,2023-12-20 10:35:00,220.83683110367895,breakeven_trail,299,497.2874999999966,70.496665393775,426.7908346062216
2024-01-17,2024-01-18,NSE:JINDALSAW,mid_cap,SHORT,93.42,1800000,7777638,23.14327306053586,CRESTA FUND LTD,260.75,261.7,0.36433365292425357,2024-01-18 09:25:00,265.5,269.48249999999996,3.982499999999959,261.51750000000004,257.5350000000001,True,261.51750000000004,2024-01-18 09:35:00,2024-01-18 09:40:00,259.5183167330678,t2,251,1501.4024999999847,70.19362306408502,1431.2088769358998
2024-02-20,2024-02-21,NSE:JINDALSAW,mid_cap,SHORT,122.435,2350000,3810224,61.6761639210713,ERISKA INVESTMENT FUND LTD,268.55,270.95,0.8936883261962292,2024-02-21 09:25:00,272.0,276.08,4.079999999999984,267.92,263.84000000000003,True,267.92,2024-02-21 10:00:00,2024-02-21 10:35:00,265.87167346938776,t2,245,1501.4399999999941,70.19307585536,1431.2469241446342
2024-05-10,2024-05-13,NSE:JINDALSAW,mid_cap,SHORT,21.7875,415000,2101028,19.752235572300798,CRESTA FUND LTD,266.5,266.5,0.0,2024-05-13 09:25:00,264.5,268.4675,3.9674999999999727,260.5325,256.56500000000005,True,260.5325,2024-05-13 09:45:00,2024-05-13 14:30:00,261.26625,time_stop,252,814.9049999999966,70.49726519157,744.4077348084265
2024-05-16,2024-05-17,NSE:JINDALSAW,mid_cap,SHORT,108.29,2000000,2448046,81.69781123393923,CRESTA FUND LTD,272.15,274.8,0.9737277236818054,2024-05-17 09:25:00,279.3,283.48949999999996,4.189499999999953,275.11050000000006,270.9210000000001,True,275.11050000000006,2024-05-17 10:25:00,2024-05-17 14:30:00,274.95525000000004,time_stop,238,1034.0504999999944,70.21297211579702,963.8375278841974
2024-08-29,2024-08-30,NSE:JLHL,mid_cap,SHORT,26.2,200000,18414,1086.130118388183,BRINDHA RAGHAVAN / RAGHAVAN  VADAPATRA SAYEE,1326.0,1351.8,1.9457013574660564,2024-08-30 09:25:00,1328.2,1348.1229999999998,19.922999999999774,1308.2770000000003,1288.3540000000005,False,,,2024-08-30 10:10:00,1348.1229999999998,stop,50,-996.1499999999887,70.73935140690001,-1066.8893514068886
2023-01-31,2023-02-01,NSE:JTLIND,small_cap,SHORT,16.25,500000,636468,78.55854497005348,MOHINDER PAL,83.75,85.25,1.7910447761193993,2023-02-01 09:25:00,84.5,85.7675,1.2674999999999983,83.2325,81.965,True,83.2325,2023-02-01 10:55:00,2023-02-01 11:20:00,82.59875000000001,t2,788,1498.184999999998,70.13705568389,1428.047944316108
2024-08-05,2024-08-06,NSE:JUBLPHARMA,mid_cap,SHORT,119.5655,1405000,906404,155.00814206468638,EAST BRIDGE CAPITAL MASTER FUND LIMITED,840.0,841.0,0.11904761904761862,2024-08-06 09:25:00,849.95,862.69925,12.749249999999961,837.2007500000001,824.4515000000001,True,837.2007500000001,2024-08-06 11:50:00,2024-08-06 14:30:00,831.9503750000001,time_stop,78,1403.9707499999986,69.8686489353255,1334.1021010646732
2024-02-28,2024-02-29,NSE:KAMDHENU,small_cap,SHORT,29.07,500000,9115050,5.485433431522592,THREE DEE EXIM PRIVATE LIMITED,62.55,61.5,-1.6786570743405282,2024-02-29 09:25:00,61.8,62.72699999999999,0.9269999999999925,60.873000000000005,59.94600000000001,True,60.873000000000005,2024-02-29 09:40:00,2024-02-29 13:40:00,61.3365,breakeven_trail,1078,499.6529999999959,70.59440379268199,429.05859620731394
2023-10-19,2023-10-20,NSE:KIRIINDUS,small_cap,SHORT,30.818,1140350,170528,668.7171608181648,APMS INVESTMENT FUND LTD,273.5,275.4,0.6946983546617824,2023-10-20 09:25:00,273.8,277.907,4.106999999999971,269.69300000000004,265.58600000000007,False,,,2023-10-20 14:30:00,271.2,time_stop,243,631.8000000000055,70.44625161,561.3537483900055
2024-08-21,2024-08-22,NSE:KIRIINDUS,small_cap,SHORT,153.2057,4098052,987918,414.8170192262921,LOTUS GLOBAL INVESTMENTS LIMITED,363.8,368.6,1.319406267179768,2024-08-22 09:25:00,368.55,374.07824999999997,5.528249999999957,363.02175000000005,357.4935000000001,True,363.02175000000005,2024-08-22 10:50:00,2024-08-22 14:30:00,364.41087500000003,time_stop,180,745.0424999999962,70.191919888245,674.8505801117511
2023-03-08,2023-03-09,NSE:KIRLOSENG,mid_cap,SHORT,825.0602,25622987,7618815,336.31197239990735,AMBAR GAUTAM KULKARNI / JYOTSNA GAUTAM KULKARNI / NIHAL GAUTAM KULKARNI,390.05,394.8,1.2177925906935005,2023-03-09 09:25:00,393.45,399.3517499999999,5.901749999999936,387.54825000000005,381.6465000000001,False,,,2023-03-09 09:35:00,399.3517499999999,stop,169,-997.3957499999892,70.7983022145245,-1068.1940522145137
2024-09-03,2024-09-04,NSE:KPIGREEN,mid_cap,SHORT,13.9335,157157,639608,24.570830883916397,MORGAN STANLEY ASIA (SINGAPORE) PTE. - ODI,596.65,592.6,-0.6787899103326778,2024-09-04 09:25:00,592.05,600.9307499999999,8.88074999999992,583.16925,574.2885000000001,False,,,2024-09-04 09:30:00,600.9307499999999,stop,112,-994.6439999999911,70.66808516866399,-1065.3120851686551
2023-10-03,2023-10-04,NSE:KRSNAA,small_cap,SHORT,10.125,150000,263104,57.011675991243,MEDIMAZE SOLUTIONS PRIVATE LIMITED,681.0,680.0,-0.1468428781204123,2023-10-04 09:25:00,677.45,687.61175,10.161749999999984,667.2882500000001,657.1265000000001,False,,,2023-10-04 09:45:00,687.61175,stop,98,-995.8514999999984,70.725225927409,-1066.5767259274073
2023-06-23,2023-06-26,NSE:LANDMARK,small_cap,SHORT,330.0768,5016364,2663469,188.33949259405685,SANJAY KARSANDAS THAKKER (HUF) / TPG GROWTH II SF PTE LTD,727.0,729.8,0.38514442916093294,2023-06-26 09:25:00,745.0,756.175,11.174999999999955,733.825,722.6500000000001,True,733.825,2023-06-26 09:40:00,2023-06-26 13:00:00,728.1747191011236,t2,89,1497.449999999994,69.8387152453,1427.611284754694
2023-12-26,2023-12-27,NSE:LUMAXTECH,mid_cap,SHORT,108.5147,2811262,147147,1910.5126166350653,ASIA INVESTMENT CORPORATION MAURITIUS LTD,389.3,390.05,0.19265348060621967,2023-12-27 09:25:00,390.25,396.10374999999993,5.853749999999934,384.39625000000007,378.54250000000013,True,384.39625000000007,2023-12-27 12:15:00,2023-12-27 14:30:00,384.19812500000006,time_stop,170,1028.8187499999945,70.07605471583749,958.742695284157
2024-05-27,2024-05-28,NSE:LUMAXTECH,mid_cap,SHORT,28.9668,606000,278514,217.5833171761563,ALBULA INVESTMENT FUND LTD,491.5,502.0,2.136317395727372,2024-05-28 09:25:00,490.0,497.34999999999997,7.349999999999966,482.65000000000003,475.30000000000007,True,482.65000000000003,2024-05-28 11:20:00,2024-05-28 12:35:00,478.975,t2,136,1499.399999999993,70.1939355236,1429.206064476393
2024-12-16,2024-12-17,NSE:MANGLMCEM,small_cap,SHORT,41.715,450000,207209,217.17203403327073,PILANI INVESTMENT AND INDUSTRIES CORPORATION LIMITED,955.0,950.75,-0.44502617801046584,2024-12-17 09:25:00,953.0,967.295,14.294999999999959,938.705,924.4100000000001,True,938.705,2024-12-17 12:05:00,2024-12-17 14:30:00,940.1227536231884,time_stop,69,888.5299999999986,69.51289681082,819.0171031891787
2024-04-23,2024-04-24,NSE:MANYAVAR,mid_cap,SHORT,34.5773,370643,116428,318.3452434122376,MARSHALL WACE INVESTMENT STRATEGIES - EUREKA FUND,927.0,932.0,0.5393743257820827,2024-04-24 09:25:00,933.8,947.8069999999999,14.006999999999948,919.793,905.7860000000001,False,,,2024-04-24 10:45:00,947.8069999999999,stop,71,-994.4969999999963,70.66112890238199,-1065.1581289023784
2024-09-03,2024-09-04,NSE:MEDIASSIST,small_cap,SHORT,611.1041,9990258,1950906,512.0830014362558,BESSEMER INDIA CAPITAL HOLDINGS II LIMITED / NOVO HOLDINGS A/S,611.7,613.9,0.35965342488146756,2024-09-04 09:25:00,625.15,634.5272499999999,9.37724999999989,615.7727500000001,606.3955000000002,False,,,2024-09-04 12:05:00,634.5272499999999,stop,106,-993.9884999999883,70.637065899631,-1064.6255658996192
2024-11-18,2024-11-19,NSE:MEDPLUS,mid_cap,SHORT,552.5508,7893583,1857334,424.99534278702697,PI OPPORTUNITIES FUND - I / SBI MUTUAL FUND,719.05,729.0,1.383770252416383,2024-11-19 09:25:00,726.7,737.6005,10.900499999999965,715.7995000000001,704.8990000000001,False,,,2024-11-19 09:45:00,737.6005,stop,91,-991.9454999999969,70.540387994773,-1062.4858879947699
2024-04-09,2024-04-10,NSE:MGL,mid_cap,SHORT,19.7432,133121,298572,44.58589552938655,STICHTING CUST ROBECO INST RE:CALYP,1457.8,1454.9,-0.1989298943613549,2024-04-10 09:25:00,1470.35,1492.4052499999998,22.055249999999887,1448.29475,1426.2395000000001,False,,,2024-04-10 14:30:00,1466.2,time_stop,45,186.74999999999386,70.2430555185,116.50694448149386
2023-05-12,2023-05-15,NSE:NAZARA,mid_cap,SHORT,33.836600000000004,593624,1078552,55.03897818556731,ANSHU DHANUKA / ANUPAM DHANUKA,140.2,143.0,1.9971469329529423,2023-05-15 09:25:00,143.8,145.957,2.1569999999999823,141.64300000000003,139.48600000000005,True,141.64300000000003,2023-05-15 11:50:00,2023-05-15 14:30:00,141.771777537797,time_stop,463,939.0669999999973,70.365656804598,868.7013431953993
2023-09-28,2023-09-29,NSE:NCLIND,small_cap,SHORT,94.5929,4204133,798967,526.1960756827253,ASHVEN DATLA / SHILPA  DATLA,230.85,233.0,0.931340697422578,2023-09-29 09:25:00,230.9,234.3635,3.463499999999982,227.43650000000002,223.97300000000004,False,,,2023-09-29 11:25:00,234.3635,stop,288,-997.4879999999948,70.80266762652799,-1068.290667626523
2024-08-22,2024-08-23,NSE:NIITLTD,small_cap,SHORT,41.749,3538051,915737,386.36104034236905,HORNBILL ORCHID INDIA FUND,118.99,120.63,1.378267081267337,2024-08-23 09:25:00,131.02,132.9853,1.965299999999985,129.05470000000003,127.08940000000004,True,129.05470000000003,2024-08-23 09:30:00,2024-08-23 11:25:00,128.07205000000002,t2,508,1497.5585999999885,70.10773096652842,1427.45086903346
2024-09-17,2024-09-18,NSE:NUVOCO,mid_cap,SHORT,158.4,4500000,10123755,44.44991013709834,KOTAK SPECIAL SITUATIONS FUND,364.15,365.9,0.48057119318962727,2024-09-18 09:25:00,370.95,376.51424999999995,5.564249999999959,365.38575000000003,359.82150000000007,False,,,2024-09-18 09:30:00,376.51424999999995,stop,179,-996.0007499999926,70.73228866715449,-1066.7330386671472
2023-04-25,2023-04-26,NSE:PFOCUS,mid_cap,SHORT,30.2208,3526350,367056,960.7117170132078,NARESH MAHENDRANATH MALHOTRA,84.0,84.7,0.8333333333333304,2023-04-26 09:25:00,84.75,86.02125,1.2712499999999949,83.47875,82.20750000000001,True,83.47875,2023-04-26 10:35:00,2023-04-26 11:00:00,82.84312500000001,t2,786,1498.8037499999941,70.16602226892749,1428.6377277310667
2023-02-17,2023-02-20,NSE:PRICOLLTD,mid_cap,SHORT,164.2269,7857744,18962381,41.43859360277594,AAKARSHAN ESTATES PRIVATE LIMITED / ANTARA INDIA EVERGREEN FUND LTD / JAINCO FINLEASE & INVESTMENT PRIVATE LIMITED / M2K ENTERTAINMENT PRIVATE LIMITED / RADHEY BUILDHOME PRIVATE LIMITED / STREAM VALUE FUND / UNIQUE FINMAN CONSULTANCY PRIVATE LIMITED / VIRTUE FINANCE LIMITED,198.6,201.25,1.3343403826787448,2023-02-20 09:25:00,201.1,204.11649999999997,3.0164999999999793,198.08350000000002,195.06700000000004,False,,,2023-02-20 12:20:00,204.11649999999997,stop,331,-998.4614999999932,70.84873514506899,-1069.310235145062
2023-12-18,2023-12-19,NSE:PRICOLLTD,mid_cap,SHORT,50.0,1440922,302455,476.40872195863847,PHI CAPITAL SOLUTIONS LLP,343.5,348.2,1.3682678311499163,2023-12-19 09:25:00,349.8,355.04699999999997,5.246999999999957,344.55300000000005,339.3060000000001,False,,,2023-12-19 13:15:00,355.04699999999997,stop,190,-996.9299999999919,70.77626220758,-1067.7062622075719
2024-01-17,2024-01-18,NSE:PRICOLLTD,mid_cap,SHORT,631.2304,18376431,3565254,515.4311866700101,MINDA CORPORATION LIMITED,380.05,390.0,2.6180765688725183,2024-01-18 09:25:00,386.4,392.1959999999999,5.795999999999935,380.60400000000004,374.8080000000001,True,380.60400000000004,2024-01-18 09:30:00,2024-01-18 09:35:00,377.7060000000001,t2,172,1495.3679999999833,70.005178722192,1425.3628212777912
2023-03-31,2023-04-03,NSE:PSPPROJECT,small_cap,SHORT,41.1897,620000,62404,993.5260560220499,SHILPABEN PRAHALADBHAI PATEL,670.05,674.0,0.5895082456533141,2023-04-03 09:25:00,676.05,686.1907499999999,10.140749999999912,665.90925,655.7685000000001,False,,,2023-04-03 14:30:00,674.3,time_stop,98,171.5,70.34210602579998,101.15789397420002
2023-12-15,2023-12-18,NSE:PVRINOX,mid_cap,SHORT,400.9975,2287493,779136,293.59354464432397,MULTIPLES PRIVATE EQUITY FUND II LLP / PLENTY CI FII I LIMITED / PLENTY CI FUND I LIMITED / PLENTY PRIVATE EQUITY FII I LIMITED / PLENTY PRIVATE EQUITY FUND I LIMITED,1775.05,1785.0,0.5605475902087376,2023-12-18 09:25:00,1788.0,1814.82,26.819999999999936,1761.18,1734.3600000000001,False,,,2023-12-18 12:45:00,1814.82,stop,37,-992.3399999999976,70.55905634204001,-1062.8990563420377
2023-07-18,2023-07-19,NSE:RALLIS,mid_cap,SHORT,208.5985,9700000,9184628,105.6112452240853,JHUNJHUNWALA REKHA,220.0,222.85,1.295454545454544,2023-07-19 09:25:00,220.5,223.80749999999998,3.307499999999976,217.19250000000002,213.88500000000005,False,,,2023-07-19 09:30:00,223.80749999999998,stop,302,-998.8649999999927,70.86782938619,-1069.7328293861826
2023-12-29,2024-01-01,NSE:RAMCOIND,small_cap,SHORT,15.48,720000,190802,377.3545350677666,NALINA RAMALAKSHMI,219.0,217.95,-0.4794520547945269,2024-01-01 09:25:00,219.15,222.43724999999998,3.287249999999972,215.86275000000003,212.57550000000006,False,,,2024-01-01 14:30:00,217.05,time_stop,304,638.3999999999983,70.5372103488,567.8627896511982
2024-10-29,2024-10-30,NSE:RAMCOIND,small_cap,SHORT,326.9933,14091500,425061,3315.171234246379,THE RAMCO CEMENTS LIMITED,246.03,243.6,-0.9876844287282083,2024-10-30 09:25:00,242.91,246.55364999999998,3.6436499999999796,239.26635000000002,235.62270000000004,False,,,2024-10-30 10:40:00,246.55364999999998,stop,274,-998.3600999999944,70.8439367409806,-1069.204036740975
2024-06-20,2024-06-21,NSE:RATEGAIN,mid_cap,SHORT,160.6935,2156960,1833736,117.62652857336062,AVATAAR HOLDINGS,778.8,785.0,0.7960965588084346,2024-06-21 09:25:00,803.8,815.8569999999999,12.056999999999903,791.743,779.6860000000001,True,791.743,2024-06-21 09:35:00,2024-06-21 10:15:00,785.7145,t2,82,1483.0109999999881,69.426689685734,1413.5843103142543
2024-12-04,2024-12-05,NSE:RATNAMANI,mid_cap,SHORT,261.7975,785000,309164,253.91054585915563,NALANDA INDIA FUND LIMITED,3325.1,3444.95,3.604402875101509,2024-12-05 09:25:00,3376.25,3426.8937499999997,50.64374999999973,3325.6062500000003,3274.9625000000005,True,3325.6062500000003,2024-12-05 10:35:00,2024-12-05 14:30:00,3328.024013157895,time_stop,19,916.2937499999994,67.79192960098749,848.5018203990119
2023-09-15,2023-09-18,NSE:RBA,small_cap,SHORT,1494.0121,125441820,57132038,219.56475629313275,QSR ASIA PTE LTD,127.95,130.5,1.992966002344665,2023-09-18 09:25:00,129.0,130.93499999999997,1.9349999999999739,127.06500000000003,125.13000000000005,True,127.06500000000003,2023-09-18 10:55:00,2023-09-18 13:40:00,126.09750000000003,t2,516,1497.6899999999798,70.11388241586002,1427.5761175841199
2024-09-18,2024-09-19,NSE:RBA,small_cap,SHORT,112.8351,10746200,5349382,200.8867566384304,QSR ASIA PTE LTD,107.0,108.98,1.8504672897196262,2024-09-19 09:25:00,108.32,109.94479999999999,1.6247999999999934,106.6952,105.0704,True,106.6952,2024-09-19 09:55:00,2024-09-19 10:35:00,105.88147902439025,t2,615,1499.6903999999938,70.16915590889758,1429.5212440910962
2024-09-03,2024-09-04,NSE:RBLBANK,mid_cap,SHORT,21.1405,928070,2316804,40.05820086636591,MORGAN STANLEY ASIA (SINGAPORE) PTE. - ODI,225.99,220.1,-2.6063100137174278,2024-09-04 09:25:00,223.41,226.76115,3.35114999999999,220.05885,216.70770000000002,True,220.05885,2024-09-04 10:40:00,2024-09-04 14:30:00,219.024425,time_stop,298,1306.9013499999965,70.20722694786188,1236.6941230521345
2024-11-14,2024-11-18,NSE:RKFORGE,mid_cap,SHORT,18.456,200000,134725,148.4505474113936,SOCIETE GENERALE - ODI,933.0,934.85,0.19828510182207104,2024-11-18 09:25:00,946.1,960.2914999999999,14.191499999999905,931.9085000000001,917.7170000000002,False,,,2024-11-18 14:30:00,941.2,time_stop,70,342.9999999999984,70.24230806599999,272.75769193399844
2024-06-11,2024-06-12,NSE:RRKABEL,mid_cap,SHORT,10.15,58000,60407,96.01536245799328,KIRTIDEVI SHREEGOPAL KABRA,1724.0,1734.6,0.6148491879350404,2024-06-12 09:25:00,1756.3,1782.6444999999999,26.344499999999925,1729.9555,1703.611,True,1729.9555,2024-06-12 14:20:00,2024-06-12 14:30:00,1736.2432162162163,time_stop,37,742.1009999999969,68.75209266319399,673.348907336803
2024-03-27,2024-03-28,NSE:SAMHI,small_cap,SHORT,209.6811,10173756,1070646,950.2446186694762,BLUE CHANDRA PTE. LTD,207.8,213.0,2.5024061597689995,2024-03-28 09:25:00,211.15,214.31724999999997,3.1672499999999673,207.98275000000004,204.81550000000007,False,,,2024-03-28 09:50:00,214.31724999999997,stop,315,-997.6837499999897,70.81193081785248,-1068.4956808178422
2024-04-23,2024-04-24,NSE:SAMHI,small_cap,SHORT,15.4188,797045,1159514,68.73957537382041,MARSHALL WACE INVESTMENT STRATEGIES - EUREKA FUND,194.5,195.3,0.41131105398457546,2024-04-24 09:25:00,194.2,197.11299999999997,2.9129999999999825,191.287,188.37400000000002,False,,,2024-04-24 14:30:00,194.35,time_stop,343,-51.45000000000195,70.81622634589999,-122.26622634590194
2023-06-22,2023-06-23,NSE:SANSERA,mid_cap,SHORT,622.3483,7453272,1179714,631.7863482166016,CLIENT EBENE LIMITED / CVCIGP II EMPLOYEE EBENE LIMITED,867.0,871.0,0.46136101499423265,2023-06-23 09:25:00,861.95,874.87925,12.92924999999991,849.0207500000001,836.0915000000002,False,,,2023-06-23 14:30:00,861.8,time_stop,77,11.550000000007003,70.5341246225,-58.984124622493
2024-06-19,2024-06-20,NSE:SANSERA,mid_cap,SHORT,750.3926,6253272,1476418,423.54346804224815,CLIENT EBENE LIMITED / CVCIGP II EMPLOYEE EBENE LIMITED,1274.0,1300.0,2.0408163265306145,2024-06-20 09:25:00,1310.0,1329.6499999999999,19.649999999999864,1290.3500000000001,1270.7000000000003,True,1290.3500000000001,2024-06-20 11:45:00,2024-06-20 14:30:00,1288.025,time_stop,50,1098.7499999999955,69.1511661575,1029.5988338424954
2023-06-27,2023-06-28,NSE:SAPPHIRE,mid_cap,SHORT,417.2909,3030215,2998815,101.0470802633707,WWD RUBY LIMITED,282.0,286.0,1.4184397163120588,2023-06-28 09:25:00,286.0,290.28999999999996,4.289999999999964,281.71000000000004,277.4200000000001,True,281.71000000000004,2023-06-28 11:05:00,2023-06-28 14:30:00,281.85562231759656,time_stop,233,965.6399999999958,70.41673956616,895.2232604338358
2024-07-30,2024-07-31,NSE:SARDAEN,mid_cap,SHORT,41.85,1500000,339140,442.2952173143835,FORTUNE COURIERS LTD,277.45,276.15,-0.4685528924130544,2024-07-31 09:25:00,277.55,281.71324999999996,4.163249999999948,273.38675000000006,269.2235000000001,True,273.38675000000006,2024-07-31 12:55:00,2024-07-31 14:30:00,272.62337500000007,time_stop,240,1182.3899999999935,70.29776670366,1112.0922332963335
2024-09-27,2024-09-30,NSE:SBCL,small_cap,SHORT,632.1379999999999,10352735,318248,3253.0400819486686,AMAR ENGINEERING COMPANY PRIVATE LIMITED / ANGAD ESTATES PVT LTD / B. S. SANDHU & ASSOCIATES (P) LTD. / ULTRA PORTFOLIO MANAGEMENT PRIVATE LIMITED,621.7,633.8,1.9462763390702742,2024-09-30 09:25:00,633.7,643.2055,9.505499999999984,624.1945000000001,614.6890000000001,False,,,2024-09-30 09:30:00,643.2055,stop,105,-998.0774999999983,70.830563673965,-1068.9080636739632
2024-08-23,2024-08-26,NSE:SEAMECLTD,small_cap,SHORT,41.85,279000,36524,763.8812835395904,NOMURA SINGAPORE LIMITED,1513.85,1525.0,0.7365326815734763,2024-08-26 09:25:00,1512.55,1535.2382499999999,22.688249999999925,1489.86175,1467.1735,False,,,2024-08-26 14:30:00,1518.0,time_stop,44,-239.800000000002,70.78916194520001,-310.589161945202
2024-08-26,2024-08-27,NSE:SEAMECLTD,small_cap,SHORT,28.975,190000,44421,427.72562526732855,NOMURA SINGAPORE LIMITED,1513.8,1529.95,1.0668516316554522,2024-08-27 09:25:00,1516.0,1538.7399999999998,22.73999999999978,1493.2600000000002,1470.5200000000004,False,,,2024-08-27 09:40:00,1538.7399999999998,stop,43,-977.8199999999906,69.69464787092,-1047.5146478709107
2023-10-03,2023-10-04,NSE:SFL,mid_cap,SHORT,92.9793,834644,76669,1088.6329546492063,WINRO COMMERCIAL INDIA LIMITED,1130.0,1129.7,-0.026548672566362175,2023-10-04 09:25:00,1136.35,1153.3952499999998,17.045249999999896,1119.30475,1102.2595000000001,True,1119.30475,2023-10-04 13:25:00,2023-10-04 14:30:00,1117.977375,time_stop,58,1065.6122499999917,69.5990767437765,996.0131732562152
2024-06-26,2024-06-27,NSE:SHARDAMOTR,mid_cap,SHORT,499.025,2500000,986890,253.32103881891598,MALA RELAN,1030.0,1049.6,1.9029126213592207,2024-06-27 09:25:00,1065.6,1081.5839999999998,15.983999999999924,1049.616,1033.632,True,1049.616,2024-06-27 09:30:00,2024-06-27 10:40:00,1041.624,t2,62,1486.511999999993,69.59058789052798,1416.9214121094649
2023-11-28,2023-11-29,NSE:SHAREINDIA,small_cap,SHORT,68.48,400000,469125,85.26512123634426,PARVEEN GUPTA,344.8,346.0,0.34802784222738303,2023-11-29 09:25:00,344.85,350.02275,5.172749999999951,339.6772500000001,334.5045000000001,True,339.6772500000001,2023-11-29 14:25:00,2023-11-29 14:30:00,340.5430880829016,time_stop,193,831.2339999999997,70.38628161759601,760.8477183824036
2024-12-18,2024-12-19,NSE:SHOPERSTOP,mid_cap,SHORT,275.8882,4395924,394535,1114.2038095479488,AMAZON.COM NV INVESTMENT HOLDINGS LLC,635.15,643.8,1.3618830197591025,2024-12-19 09:25:00,638.55,648.1282499999999,9.578249999999912,628.97175,619.3935000000001,False,,,2024-12-19 09:35:00,648.1282499999999,stop,104,-996.1379999999908,70.73878354842799,-1066.8767835484189
2024-11-22,2024-11-25,NSE:SHREEPUSHK,small_cap,SHORT,11.3924,426683,14208,3003.117961711712,INDIA MAX INVESTMENT FUND LTD,269.75,266.1,-1.3531047265986973,2024-11-25 09:25:00,278.0,282.16999999999996,4.169999999999959,273.83000000000004,269.6600000000001,True,273.83000000000004,2024-11-25 09:30:00,2024-11-25 09:35:00,275.9237238493724,breakeven_trail,239,496.22999999999513,70.40624060462,425.82375939537513
2023-12-20,2023-12-21,NSE:SHRIPISTON,mid_cap,SHORT,430.404,3900000,143372,2720.196412130681,K S KOLBENSCHMIDT GMBH,1158.75,1216.65,4.996763754045319,2023-12-21 09:25:00,1216.65,1234.89975,18.24974999999995,1198.4002500000001,1180.1505000000002,False,,,2023-12-21 14:30:00,1216.65,time_stop,54,0.0,69.82579186919999,-69.82579186919999
2024-09-06,2024-09-09,NSE:SHRIPISTON,mid_cap,SHORT,289.25739999999996,1321000,324683,406.8583818678526,LUV D. SHRIRAM / MEENAKSHI DASS,2229.95,2247.0,0.7645911343303835,2024-09-09 09:25:00,2217.95,2251.2192499999996,33.26924999999983,2184.68075,2151.4115,True,2184.68075,2024-09-09 09:30:00,2024-09-09 09:55:00,2201.3153749999997,breakeven_trail,30,499.03874999999744,70.5076183385175,428.53113166147995
2023-03-31,2023-04-03,NSE:SHRIRAMPPS,small_cap,SHORT,133.5492,24259615,4312085,562.5959367684079,WSI WSQI V (XXXII) MAURITIUS INVESTORS LIMITED,60.0,60.75,1.2499999999999956,2023-04-03 09:25:00,60.05,60.95074999999999,0.900749999999995,59.14925,58.24850000000001,False,,,2023-04-03 09:50:00,60.95074999999999,stop,1110,-999.8324999999945,70.91361297549501,-1070.7461129754895
2024-06-28,2024-07-01,NSE:SOLARA,small_cap,SHORT,99.0,2000000,767712,260.5143595514985,TPG GROWTH IV SF PTE LTD,544.9,565.0,3.6887502293998953,2024-07-01 09:25:00,573.6,582.204,8.603999999999928,564.9960000000001,556.3920000000002,False,,,2024-07-01 09:35:00,582.204,stop,116,-998.0639999999917,70.829924833184,-1068.8939248331756
2024-03-22,2024-03-26,NSE:SOTL,small_cap,SHORT,84.5784,2073000,151995,1363.8606533109642,MEHRA SYNDICATE,414.0,425.9,2.8743961352657,2024-03-26 09:25:00,425.0,431.37499999999994,6.374999999999943,418.62500000000006,412.2500000000001,False,,,2024-03-26 09:45:00,431.37499999999994,stop,156,-994.4999999999911,70.66127086700001,-1065.1612708669911
2023-08-28,2023-08-29,NSE:STAR,mid_cap,SHORT,10.074,230000,260060,88.44112897023764,SHASUN ENTERPRISES LLP,436.75,440.1,0.7670291929021245,2023-08-29 09:25:00,440.95,447.56424999999996,6.61424999999997,434.33575,427.72150000000005,False,,,2023-08-29 14:30:00,435.6,time_stop,151,807.8499999999949,70.42525682429998,737.424743175695
2024-12-27,2024-12-30,NSE:STARCEMENT,mid_cap,SHORT,765.6802,33626714,13410671,250.7459470148809,RAHUL CHAMARIA / RAJENDRA CHAMARIA / RENU CHAMARIA / SACHIN CHAMARIA,232.0,233.5,0.6465517241379226,2024-12-30 09:25:00,228.87,232.30304999999998,3.43304999999998,225.43695000000002,222.00390000000004,False,,,2024-12-30 09:50:00,232.30304999999998,stop,291,-999.0175499999942,70.87504828701529,-1069.8925982870096
2024-09-03,2024-09-04,NSE:SULA,small_cap,SHORT,11.1356,228235,231024,98.79276611953736,MORGAN STANLEY ASIA (SINGAPORE) PTE. - ODI,486.9,482.6,-0.8831382214006922,2024-09-04 09:25:00,486.15,493.44224999999994,7.292249999999967,478.85775,471.56550000000004,False,,,2024-09-04 14:30:00,488.0,time_stop,137,-253.45000000000312,70.8257707213,-324.2757707213031
2023-06-23,2023-06-26,NSE:SWSOLAR,mid_cap,SHORT,103.3375,3500000,3432875,101.95535811819538,SHAPOORJI PALLONJI AND COMPANY PRIVATE LIMITED,289.45,290.0,0.19001554672655185,2023-06-26 09:25:00,287.5,291.8125,4.3125,283.1875,278.875,False,,,2023-06-26 10:55:00,291.8125,stop,231,-996.1875,70.74112596462498,-1066.928625964625
2023-06-30,2023-07-03,NSE:SYRMA,mid_cap,SHORT,128.0939,2917857,1130462,258.11190469029475,SOUTH ASIA GROWTH FUND II HOLDINGS LLC,447.15,450.4,0.7268254500726767,2023-07-03 09:25:00,449.05,455.78574999999995,6.735749999999939,442.3142500000001,435.57850000000013,False,,,2023-07-03 14:30:00,448.25,time_stop,148,118.40000000000168,70.5839533624,47.81604663760169
2023-08-16,2023-08-17,NSE:SYRMA,mid_cap,SHORT,16.4809,350470,907769,38.607839659649095,AYUSH AMIT JATIA,448.95,451.7,0.6125403719790645,2023-08-17 09:25:00,456.9,463.7534999999999,6.85349999999994,450.04650000000004,443.1930000000001,False,,,2023-08-17 09:30:00,463.7534999999999,stop,145,-993.7574999999913,70.62613462404501,-1064.3836346240364
2023-08-17,2023-08-18,NSE:SYRMA,mid_cap,SHORT,16.4213,350470,571711,61.301951510465955,AYUSH AMIT JATIA,462.2,464.45,0.4868022501081759,2023-08-18 09:25:00,463.8,470.75699999999995,6.956999999999937,456.8430000000001,449.88600000000014,False,,,2023-08-18 12:55:00,470.75699999999995,stop,143,-994.850999999991,70.67788072730599,-1065.528880727297
2024-10-14,2024-10-15,NSE:TARIL,mid_cap,SHORT,210.681,2700000,3929772,68.70627608929983,JITENDRA MAMTORA,409.65,419.5,2.404491639204198,2024-10-15 09:25:00,410.0,416.15,6.149999999999977,403.85,397.70000000000005,True,403.85,2024-10-15 09:35:00,2024-10-15 09:45:00,400.77500000000003,t2,162,1494.4499999999944,69.9622028433,1424.4877971566943
2023-06-30,2023-07-03,NSE:TDPOWERSYS,mid_cap,SHORT,832.7275,37679980,7216893,522.1080595209046,CHARTERED CAPITAL AND INVESTMENT LTD / HITOSHI MATSUO / LAVANYA  SANKARAN / MOHIB NOMANBHAI KHERICHA / NIKHIL  KUMAR / SAPHIRE FINMAN SERVICES LLP / SOFIA MOHIB KHERICHA,245.9,247.8,0.7726718178121317,2023-07-03 09:25:00,241.55,245.17325,3.6232499999999845,237.92675000000003,234.30350000000004,False,,,2023-07-03 14:30:00,241.55,time_stop,275,0.0,70.598615615,-70.598615615
2024-02-20,2024-02-21,NSE:TFCILTD,small_cap,SHORT,247.5489,11802094,3186265,370.40528644039335,KOPPARA SAJEEVE THOMAS / PRANSATREE HOLDINGS PTE. LIMITED / VARANIUM CAPITAL ADVISORS PRIVATE LIMITED / VARANIUM INDIA OPPORTUNITY LTD,44.05,46.25,4.9943246311010325,2024-02-21 09:25:00,46.25,46.943749999999994,0.6937499999999943,45.556250000000006,44.86250000000001,False,,,2024-02-21 14:30:00,46.25,time_stop,1441,0.0,70.832434255,-70.832434255
2024-09-03,2024-09-04,NSE:TFCILTD,small_cap,SHORT,19.624,1100000,1625220,67.68314443583023,CONNECOR INVESTMENT ENTERPRISE LIMITED .,35.5,35.4,-0.28169014084507005,2024-09-04 09:25:00,35.5,36.0325,0.5324999999999989,34.9675,34.435,False,,,2024-09-04 14:30:00,35.1,time_stop,1877,750.7999999999973,70.50249177719999,680.2975082227973
2023-03-27,2023-03-28,NSE:TRIDENT,mid_cap,SHORT,31.8914,12385000,15538622,79.70462245622552,TRIDENT LIMITED EMPLOYEES WELFARE TRUST,25.35,25.45,0.39447731755424265,2023-03-28 09:25:00,26.25,26.643749999999997,0.39374999999999716,25.856250000000003,25.462500000000006,True,25.856250000000003,2023-03-28 09:30:00,2023-03-28 10:30:00,25.65929745962978,t2,2539,1499.7937499999891,70.20306919998748,1429.5906808000016
2023-09-01,2023-09-04,NSE:TRITURBINE,mid_cap,SHORT,55.3,1400000,380570,367.86924875844124,RATI SAWHNEY,389.45,391.95,0.6419309282321262,2023-09-04 09:25:00,387.95,393.76924999999994,5.819249999999954,382.13075000000003,376.3115000000001,False,,,2023-09-04 14:30:00,387.45,time_stop,171,85.5,70.47033332039999,15.029666679600012
2023-08-02,2023-08-03,NSE:UNICHEMLAB,small_cap,SHORT,945.3454,23501440,512323,4587.2311022538515,PRAKASH AMRUT MODY,400.0,400.5,0.12499999999999734,2023-08-03 09:25:00,398.35,404.32525,5.97524999999996,392.37475000000006,386.3995000000001,False,,,2023-08-03 14:30:00,398.1,time_stop,167,41.75,70.68539005289999,-28.93539005289999
2023-12-22,2023-12-26,NSE:VGUARD,mid_cap,SHORT,128.7,4500000,757069,594.3976044455657,CHITTILAPPILLY THOMAS KOCHUOUSEPH,291.85,293.25,0.4796984752441169,2023-12-26 09:25:00,290.85,295.21274999999997,4.362749999999949,286.4872500000001,282.1245000000001,False,,,2023-12-26 14:30:00,290.25,time_stop,229,137.4000000000052,70.73032009139999,66.66967990860522
2024-03-27,2024-03-28,NSE:VIJAYA,mid_cap,SHORT,51.03,810000,55690,1454.4801580175974,SUNIL CHANDRA KONDAPALLY / SURENDRANATH REDDY SURA,627.05,644.0,2.7031337213938356,2024-03-28 09:25:00,640.6,650.209,9.608999999999924,630.9910000000001,621.3820000000002,True,630.9910000000001,2024-03-28 14:25:00,2024-03-28 14:30:00,630.9705,time_stop,104,1001.4679999999948,70.38506156479201,931.0829384352028
2024-08-29,2024-08-30,NSE:WELSPUNLIV,mid_cap,SHORT,781.4747,38081706,38483849,98.95503435740017,WELSPUN GROUP MASTER TRUST,196.8,198.0,0.6097560975609762,2024-08-30 09:25:00,197.83,200.79745,2.9674499999999853,194.86255000000003,191.89510000000004,True,194.86255000000003,2024-08-30 09:55:00,2024-08-30 10:20:00,196.34627500000002,breakeven_trail,336,498.5315999999975,70.4359647071304,428.09563529286714
2023-09-27,2023-09-28,NSE:WESTLIFE,mid_cap,SHORT,29.165,292000,394086,74.09550199702602,MAKINO HOLDINGS LIMITED,969.9,974.9,0.5155170636148121,2023-09-28 09:25:00,968.15,982.6722499999998,14.522249999999872,953.6277500000001,939.1055000000002,False,,,2023-09-28 14:30:00,960.35,time_stop,68,530.3999999999969,69.745864028,460.6541359719969
2024-01-09,2024-01-10,NSE:YASHO,small_cap,SHORT,15.4375,95000,25707,369.54915003695487,NISHIGANDHA POLYMERS P.LTD,1642.0,1641.25,-0.04567600487210832,2024-01-10 09:25:00,1643.95,1668.60925,24.65924999999993,1619.2907500000001,1594.6315000000002,False,,,2024-01-10 11:00:00,1668.60925,stop,40,-986.3699999999972,70.27654675221999,-1056.646546752217
2024-05-02,2024-05-03,NSE:ZAGGLE,small_cap,SHORT,67.2686,2227438,1352676,164.66899686251548,VENTUREAST PROACTIVE FUND LLC,303.35,307.0,1.2032305917257125,2024-05-03 09:25:00,307.35,311.96025,4.610249999999951,302.7397500000001,298.1295000000001,True,302.7397500000001,2024-05-03 11:20:00,2024-05-03 12:40:00,305.04487500000005,breakeven_trail,216,497.9069999999947,70.347716933958,427.5592830660367
2023-12-14,2023-12-15,NSE:ZENTEC,mid_cap,SHORT,145.0,2000000,224364,891.4086038758446,KISHORE DUTT ATLURI / RAVI KUMAR MIDATHALA / TARA DUTT ATLURI,741.15,755.0,1.8687175335627026,2023-12-15 09:25:00,770.0,781.55,11.549999999999955,758.45,746.9000000000001,True,758.45,2023-12-15 14:30:00,2023-12-15 14:30:00,758.975,time_stop,86,948.149999999998,69.9798545411,878.1701454588981
2023-12-28,2023-12-29,NSE:ZYDUSWELL,mid_cap,SHORT,127.296,780000,480755,162.2448024461524,THREPSI CARE LLP,328.2,335.0,2.071907373552717,2023-12-29 09:25:00,336.2,341.24299999999994,5.0429999999999495,331.15700000000004,326.1140000000001,False,,,2023-12-29 14:30:00,334.0,time_stop,198,435.59999999999775,70.5652796376,365.03472036239776
2024-08-06,2024-08-07,NSE:ZYDUSWELL,mid_cap,SHORT,374.238,1700000,293685,578.8514905425881,THREPSI CARE LLP,444.0,451.8,1.75675675675675,2024-08-07 09:25:00,456.2,463.04299999999995,6.842999999999961,449.357,442.51400000000007,False,,,2024-08-07 12:15:00,463.04299999999995,stop,146,-999.0779999999943,70.87790887406801,-1069.9559088740623
