session_date,symbol,cap_segment,direction,rsi_trigger,rsi_severity,tod_bucket,trigger_ts,confirmation_ts,entry_price,hard_sl,t1,t2,stop_distance,qty,t1_hit,exit_reason,exit_ts,avg_exit_price,gross_pnl,fee,net_pnl,dow,rsi_severity_fine,R_size_pct,R_size_bucket
2026-01-16,ACCELYA,small_cap,short,86.7959045739481,deep,morning,2026-01-16 09:15:00,2026-01-16 09:30:00,1354.0,1378.3574999999998,1329.6425000000002,1305.2850000000003,24.357499999999845,41,False,time,2026-01-16 15:10:00,1352.5,61.5,58.97502889900001,2.5249711009999913,Fri,S85+,1.7989290989660152,1-2%
2025-10-10,ADOR,small_cap,short,85.97579598565589,deep,morning,2025-10-10 09:30:00,2025-10-10 09:45:00,1044.0,1079.772,1008.2280000000001,972.4560000000001,35.771999999999935,27,False,time,2025-10-10 15:10:00,1031.35,341.55000000000246,29.81461343669999,311.7353865633025,Fri,S85+,3.426436781609189,3%+
2025-10-03,ADSL,small_cap,short,85.6535877767484,deep,morning,2025-10-03 09:45:00,2025-10-03 10:00:00,184.46,188.23649999999998,180.68350000000004,176.90700000000007,3.77649999999997,264,False,sl,2025-10-03 11:05:00,188.23649999999998,-996.9959999999921,52.176363697656,-1049.172363697648,Fri,S85+,2.0473273338392985,2-3%
2025-10-24,AEROENTER,small_cap,short,85.64358728535382,deep,morning,2025-10-24 10:30:00,2025-10-24 10:45:00,85.48,87.18374999999999,83.77625000000002,82.07250000000003,1.7037499999999852,586,False,time,2025-10-24 15:10:00,85.3,105.480000000004,53.19316357447999,52.28683642552401,Fri,S85+,1.9931562938698937,1-2%
2025-12-19,AEROFLEX,small_cap,short,85.56265013443429,deep,morning,2025-12-19 09:45:00,2025-12-19 10:00:00,195.17,198.38699999999997,191.953,188.73600000000002,3.2169999999999845,310,False,sl,2025-12-19 10:25:00,198.38699999999997,-997.2699999999952,64.72325115401999,-1061.9932511540153,Fri,S85+,1.6483066044986345,1-2%
2025-10-31,ALLCARGO,small_cap,short,89.38784682527651,deep,morning,2025-10-31 09:30:00,2025-10-31 09:45:00,34.58,35.50664999999999,33.65335,32.72670000000001,0.9266499999999951,1079,False,time,2025-10-31 15:10:00,34.33,269.75,39.54177576933999,230.20822423066,Fri,S85+,2.679728166570258,2-3%
2026-02-20,AMBIKCO,small_cap,short,88.7316991334345,deep,morning,2026-02-20 10:00:00,2026-02-20 10:15:00,1442.4,1487.3999999999999,1397.4000000000003,1352.4000000000005,44.99999999999977,22,True,time,2026-02-20 15:10:00,1399.15,951.4999999999975,33.3250328246,918.1749671753975,Fri,S85+,3.119800332778686,3%+
2026-04-17,APEX,small_cap,short,90.4242884401604,deep,morning,2026-04-17 09:45:00,2026-04-17 10:00:00,478.25,491.3444999999999,465.1555000000001,452.06100000000015,13.094499999999925,76,False,sl,2026-04-17 12:20:00,491.3444999999999,-995.1819999999943,39.049403429892,-1034.2314034298863,Fri,S85+,2.7380031364349033,2-3%
2025-12-19,APOLLOPIPE,small_cap,short,87.63128910374219,deep,afternoon,2025-12-19 14:15:00,2025-12-19 14:30:00,305.75,311.09774999999996,300.40225000000004,295.0545000000001,5.347749999999962,186,False,time,2025-12-19 15:10:00,305.5,46.5,60.42199165499999,-13.921991654999992,Fri,S85+,1.749059689288622,1-2%
2025-10-03,ASALCBR,small_cap,short,89.73169058448985,deep,morning,2025-10-03 10:00:00,2025-10-03 10:15:00,969.2,985.1009999999999,953.2990000000002,937.3980000000004,15.90099999999984,62,False,time,2025-10-03 15:10:00,974.75,-344.0999999999972,64.0098040094,-408.1098040093972,Fri,S85+,1.6406314486173998,1-2%
2026-04-10,ASALCBR,small_cap,short,87.84294129224314,deep,afternoon,2026-04-10 14:00:00,2026-04-10 14:15:00,877.0,914.55,839.45,801.9000000000001,37.549999999999955,26,False,time,2026-04-10 15:10:00,886.25,-240.5,24.335587367,-264.835587367,Fri,S85+,4.281641961231466,3%+
2025-10-17,ASTEC,small_cap,short,89.08123785963339,deep,morning,2025-10-17 09:30:00,2025-10-17 09:45:00,827.05,840.4814999999999,813.6185,800.1870000000001,13.431499999999915,74,False,sl,2025-10-17 10:15:00,840.4814999999999,-993.9309999999937,65.46474966738599,-1059.3957496673797,Fri,S85+,1.6240251496281863,1-2%
2026-04-24,ATULAUTO,small_cap,short,85.72590896114542,deep,morning,2026-04-24 09:15:00,2026-04-24 09:30:00,505.9,526.4189999999999,485.3810000000001,464.8620000000002,20.51899999999989,48,False,time,2026-04-24 15:10:00,498.0,379.1999999999989,25.648679203199997,353.5513207967989,Fri,S85+,4.055939909072919,3%+
2026-04-17,AUTOAXLES,small_cap,short,85.7054810436141,deep,mid,2026-04-17 11:45:00,2026-04-17 12:00:00,1870.0,1895.8319999999999,1844.1680000000001,1818.3360000000002,25.83199999999988,38,False,time,2026-04-17 15:10:00,1889.6000000000001,-744.7999999999965,72.4631447088,-817.2631447087965,Fri,S85+,1.3813903743315445,1-2%
2026-02-27,AVADHSUGAR,small_cap,short,92.43544244446993,deep,morning,2026-02-27 10:00:00,2026-02-27 10:15:00,367.5,375.86999999999995,359.13000000000005,350.7600000000001,8.369999999999948,119,False,sl,2026-02-27 12:00:00,375.86999999999995,-996.0299999999938,46.89915880817999,-1042.9291588081737,Fri,S85+,2.277551020408149,2-3%
2025-10-03,AWFIS,small_cap,short,86.21361936492079,deep,morning,2025-10-03 09:30:00,2025-10-03 09:45:00,587.05,606.015,568.0849999999999,549.1199999999999,18.965000000000032,52,False,time,2025-10-03 15:10:00,590.0,-153.40000000000236,32.508680479599995,-185.90868047960237,Fri,S85+,3.2305595775487665,3%+
2026-01-23,AWHCL,small_cap,short,88.61061746863896,deep,morning,2026-01-23 10:00:00,2026-01-23 10:15:00,543.95,557.775,530.1250000000001,516.3000000000002,13.824999999999932,72,False,sl,2026-01-23 10:55:00,557.775,-995.3999999999951,42.0438618252,-1037.4438618251952,Fri,S85+,2.541593896497827,2-3%
2026-03-20,AYMSYNTEX,small_cap,short,85.59838939711761,deep,morning,2026-03-20 10:00:00,2026-03-20 10:15:00,189.0,194.39714999999998,183.60285000000002,178.20570000000004,5.397149999999982,185,True,time,2026-03-20 15:10:00,183.45563351351353,1025.7077999999983,36.7289821588332,988.9788178411651,Fri,S85+,2.855634920634911,2-3%
2026-01-23,BAJAJCON,small_cap,short,91.18763838042742,deep,morning,2026-01-23 09:15:00,2026-01-23 09:30:00,306.65,320.99699999999996,292.303,277.956,14.34699999999998,69,False,time,2026-01-23 15:10:00,301.75,338.09999999999843,22.3454023176,315.7545976823984,Fri,S85+,4.678623838252072,3%+
2026-04-17,BAJAJCON,small_cap,short,88.94175710031811,deep,afternoon,2026-04-17 13:15:00,2026-04-17 13:30:00,474.1,497.27399999999994,450.9260000000001,427.7520000000002,23.17399999999992,43,False,time,2026-04-17 15:10:00,467.65000000000003,277.35000000000196,21.549927321499997,255.80007267850195,Fri,S85+,4.887998312592264,3%+
2025-10-03,BAJAJHIND,small_cap,short,89.94477161453528,deep,morning,2025-10-03 09:15:00,2025-10-03 09:30:00,20.53,20.893949999999997,20.166050000000006,19.80210000000001,0.36394999999999555,2747,False,time,2025-10-03 15:10:00,20.67,-384.5800000000016,60.10031421840001,-444.6803142184016,Fri,S85+,1.7727715538236508,1-2%
2025-10-03,BALAMINES,small_cap,short,87.01900408763731,deep,morning,2025-10-03 09:30:00,2025-10-03 09:45:00,1406.2,1421.07,1391.3300000000002,1376.4600000000003,14.86999999999989,67,False,sl,2025-10-03 14:20:00,1421.07,-996.2899999999927,80.69591042853999,-1076.9859104285326,Fri,S85+,1.0574598207936203,1-2%
2026-01-30,BBL,small_cap,short,85.96644600624361,deep,morning,2026-01-30 11:00:00,2026-01-30 11:15:00,2620.0,2648.0744999999997,2591.9255000000003,2563.8510000000006,28.074499999999716,35,False,sl,2026-01-30 11:40:00,2648.0744999999997,-982.6074999999901,79.802494041145,-1062.4099940411352,Fri,S85+,1.0715458015267068,1-2%
2025-10-03,BFINVEST,small_cap,short,86.41452731729395,deep,morning,2025-10-03 10:00:00,2025-10-03 10:15:00,471.0,475.76699999999994,466.23300000000006,461.4660000000001,4.766999999999939,209,False,sl,2025-10-03 10:40:00,475.76699999999994,-996.3029999999873,82.19449526801802,-1078.4974952680052,Fri,S85+,1.0121019108280125,1-2%
2025-12-12,BHARATRAS,small_cap,short,91.07900522825874,deep,morning,2025-12-12 10:00:00,2025-12-12 10:15:00,2735.0,2867.265,2602.735,2470.4700000000003,132.26499999999987,7,False,time,2025-12-12 15:10:00,2669.0,462.0,20.152846168,441.847153832,Fri,S85+,4.836014625228515,3%+
2025-10-10,BHARATWIRE,small_cap,short,87.71941585964343,deep,morning,2025-10-10 10:15:00,2025-10-10 10:30:00,170.12,172.84994999999998,167.39005000000003,164.66010000000006,2.729949999999974,366,True,be,2025-10-10 11:50:00,168.755025,499.5808499999952,65.9643149753649,433.6165350246303,Fri,S85+,1.6047201975076264,1-2%
2026-04-17,BHARATWIRE,small_cap,short,91.19413383451557,deep,morning,2026-04-17 10:30:00,2026-04-17 10:45:00,199.35,206.84909999999996,191.85090000000002,184.35180000000005,7.49909999999997,133,False,sl,2026-04-17 12:05:00,206.84909999999996,-997.380299999996,28.59922114530179,-1025.979521145298,Fri,S85+,3.761775771256569,3%+
2025-11-21,BIL,small_cap,short,86.79693771328132,deep,morning,2025-11-21 09:15:00,2025-11-21 09:30:00,913.0,944.14725,881.85275,850.7055,31.147249999999985,32,True,time,2025-11-21 15:10:00,881.401375,1011.155999999999,30.625008186663994,980.530991813335,Fri,S85+,3.411527929901422,3%+
2025-11-28,BIL,small_cap,short,87.23417085628752,deep,morning,2025-11-28 10:00:00,2025-11-28 10:15:00,894.55,924.5999999999999,864.5,834.45,30.049999999999955,33,True,time,2025-11-28 15:10:00,864.010606060606,1007.7999999999993,30.949676694999994,976.8503233049993,Fri,S85+,3.3592308982169756,3%+
2026-03-20,BODALCHEM,small_cap,short,91.12748417520649,deep,morning,2026-03-20 09:30:00,2026-03-20 09:45:00,56.42,58.169399999999996,54.67060000000001,52.92120000000001,1.7493999999999943,571,True,time,2026-03-20 15:10:00,54.04420490367776,1356.5789999999984,33.667689555766,1322.9113104442324,Fri,S85+,3.1006735200283484,3%+
2025-10-03,BOMDYEING,small_cap,short,92.99184680094746,deep,morning,2025-10-03 09:30:00,2025-10-03 09:45:00,171.41,173.57354999999998,169.24645,167.08290000000002,2.1635499999999865,462,False,sl,2025-10-03 13:35:00,173.57354999999998,-999.5600999999938,75.36544246114059,-1074.9255424611345,Fri,S85+,1.2622075724870114,1-2%
2025-12-05,CANTABIL,small_cap,short,85.68494077710066,deep,morning,2025-12-05 09:30:00,2025-12-05 09:45:00,261.01,270.34499999999997,251.675,242.34000000000003,9.33499999999998,107,True,be,2025-12-05 13:00:00,256.38612149532713,494.7549999999989,29.473795207310005,465.2812047926889,Fri,S85+,3.5764913221715564,3%+
2026-02-06,CARERATING,small_cap,short,87.46289003477601,deep,morning,2026-02-06 09:30:00,2026-02-06 09:45:00,1699.2,1736.6399999999999,1661.7600000000002,1624.3200000000004,37.43999999999983,26,True,time,2026-02-06 15:10:00,1656.1800000000003,1118.5199999999995,46.482832871279996,1072.0371671287196,Fri,S85+,2.2033898305084643,2-3%
2025-12-19,CEIGALL,small_cap,short,91.36317952648349,deep,morning,2025-12-19 10:30:00,2025-12-19 10:45:00,243.0,249.82289999999998,236.17710000000002,229.35420000000005,6.822899999999976,146,False,sl,2025-12-19 11:35:00,249.82289999999995,-996.1433999999965,38.12622494162039,-1034.269624941617,Fri,S85+,2.8077777777777677,2-3%
2026-02-06,CENTENKA,small_cap,short,86.19627297601585,deep,afternoon,2026-02-06 14:00:00,2026-02-06 14:15:00,481.0,507.5249999999999,454.4750000000001,427.95000000000016,26.52499999999992,37,False,time,2026-02-06 15:10:00,476.15,179.45000000000084,18.839243857299994,160.61075614270084,Fri,S85+,5.514553014552998,3%+
2026-02-20,CENTUM,small_cap,short,90.04498312046807,deep,morning,2026-02-20 10:30:00,2026-02-20 10:45:00,2592.2,2651.9939999999997,2532.406,2472.612,59.79399999999987,16,True,t2,2026-02-20 13:15:00,2502.509,1435.0559999999969,43.475599053664006,1391.580400946333,Fri,S85+,2.306689298665222,2-3%
2026-04-17,CENTUM,small_cap,short,85.78491455829584,deep,morning,2026-04-17 09:15:00,2026-04-17 09:30:00,3089.7,3140.9265,3038.4734999999996,2987.2469999999994,51.226500000000215,19,True,be,2026-04-17 11:55:00,3065.4348157894733,461.03850000000193,62.197350101468984,398.84114989853293,Fri,S85+,1.6579765025730724,1-2%
2026-03-13,CONFIPET,small_cap,short,86.01093629730244,deep,morning,2026-03-13 09:15:00,2026-03-13 09:30:00,36.85,39.85829999999999,33.84170000000001,30.83340000000002,3.0082999999999913,332,False,time,2026-03-13 15:10:00,37.37,-172.63999999999868,13.07540610224,-185.7154061022387,Fri,S85+,8.16363636363634,3%+
2025-11-14,CONTROLPR,small_cap,short,88.93082564081705,deep,morning,2025-11-14 09:15:00,2025-11-14 09:30:00,762.75,790.935,734.565,706.3800000000001,28.184999999999945,35,False,time,2025-11-14 15:10:00,742.9,694.7500000000008,28.0803230365,666.6696769635008,Fri,S85+,3.6951819075712806,3%+
2025-10-17,CRIZAC,small_cap,short,91.05659007519326,deep,morning,2025-10-17 10:00:00,2025-10-17 10:15:00,311.4,318.38399999999996,304.416,297.432,6.9839999999999804,143,False,sl,2025-10-17 12:20:00,318.38399999999996,-998.7119999999973,47.748094151471996,-1046.4600941514693,Fri,S85+,2.2427745664739827,2-3%
2026-04-17,DALMIASUG,small_cap,short,85.44548184058259,deep,morning,2026-04-17 10:15:00,2026-04-17 10:30:00,392.45,400.794,384.106,375.762,8.343999999999994,119,False,time,2026-04-17 15:10:00,393.0,-65.45000000000135,49.66254878129999,-115.11254878130134,Fri,S85+,2.126130717288825,2-3%
2026-01-23,DBOL,small_cap,short,88.25754445786825,deep,morning,2026-01-23 09:15:00,2026-01-23 09:30:00,90.66,95.22375,86.09625,81.5325,4.563749999999999,219,False,sl,2026-01-23 11:15:00,95.22375,-999.4612499999997,21.5228223339975,-1020.9840723339972,Fri,S85+,5.033917935142289,3%+
2025-11-21,DDEVPLSTIK,small_cap,short,85.65107606656936,deep,morning,2025-11-21 10:00:00,2025-11-21 10:15:00,299.0,306.92699999999996,291.07300000000004,283.1460000000001,7.926999999999964,126,False,time,2025-11-21 15:10:00,295.65,422.10000000000286,39.86250381539998,382.2374961846029,Fri,S85+,2.651170568561861,2-3%
2025-12-05,DEEDEV,small_cap,short,86.0637031336397,deep,morning,2025-12-05 10:00:00,2025-12-05 10:15:00,214.8,221.04974999999996,208.55025000000006,202.3005000000001,6.249749999999949,160,True,time,2025-12-05 15:10:00,209.27512500000003,883.9799999999968,36.15420834012,847.8257916598768,Fri,S85+,2.9095670391061215,2-3%
2026-02-27,DHAMPURSUG,small_cap,short,88.26509910311775,deep,morning,2026-02-27 10:00:00,2026-02-27 10:15:00,122.63,123.86625,121.39375,120.1575,1.2362499999999983,808,True,be,2026-02-27 10:45:00,122.011875,499.4449999999993,82.32289562281,417.1221043771893,Fri,S85+,1.0081138383756,1-2%
2025-11-28,DREDGECORP,small_cap,short,85.3472753240531,deep,morning,2025-11-28 09:30:00,2025-11-28 09:45:00,852.75,867.1139999999999,838.3860000000001,824.0220000000002,14.363999999999919,69,False,sl,2025-11-28 10:25:00,867.1139999999999,-991.1159999999944,62.95325460609601,-1054.0692546060905,Fri,S85+,1.6844327176780909,1-2%
2025-12-12,DSSL,small_cap,short,87.29265908746156,deep,morning,2025-12-12 10:30:00,2025-12-12 10:45:00,968.85,989.4727499999999,948.2272500000001,927.6045000000003,20.622749999999883,48,False,sl,2025-12-12 13:10:00,989.4727499999999,-989.8919999999944,49.843005925751996,-1039.7350059257465,Fri,S85+,2.1285802755844436,2-3%
2025-10-03,DYCL,small_cap,short,87.41919188724381,deep,morning,2025-10-03 09:30:00,2025-10-03 09:45:00,403.25,409.08525,397.41475,391.57950000000005,5.835249999999974,171,True,be,2025-10-03 14:40:00,400.3494371345029,495.99624999999776,71.6328944457725,424.3633555542253,Fri,S85+,1.4470551766893922,1-2%
2026-02-06,EBGNG,small_cap,short,87.49791283962442,deep,morning,2026-02-06 09:30:00,2026-02-06 09:45:00,316.65,322.7055,310.5945,304.539,6.055499999999995,165,False,time,2026-02-06 15:10:00,321.1,-734.2500000000075,55.8384216225,-790.0884216225076,Fri,S85+,1.9123638086215051,1-2%
2026-01-30,ECOSMOBLTY,small_cap,short,85.1477658170788,deep,afternoon,2026-01-30 13:15:00,2026-01-30 13:30:00,200.78,210.045,191.51500000000001,182.25000000000003,9.264999999999986,107,True,be,2026-01-30 14:15:00,196.19079439252337,491.0449999999993,22.62594978025,468.4190502197493,Fri,S85+,4.614503436597263,3%+
2026-01-23,EKC,small_cap,short,89.72684556402378,deep,morning,2026-01-23 11:00:00,2026-01-23 11:15:00,116.4,118.57994999999998,114.22005000000003,112.04010000000005,2.1799499999999767,458,True,t2,2026-01-23 13:40:00,113.13007500000003,1497.625649999984,56.02867465973611,1441.5969753402478,Fri,S85+,1.8728092783504953,1-2%
2025-10-03,ELECTHERM,small_cap,short,97.50921993537958,deep,morning,2025-10-03 09:15:00,2025-10-03 09:30:00,1057.7,1073.742,1041.6580000000001,1025.6160000000002,16.041999999999916,62,True,be,2025-10-03 12:50:00,1049.6790000000003,497.3019999999974,69.48688160218799,427.81511839780944,Fri,S85+,1.516687151366164,1-2%
2025-10-03,EMSLIMITED,small_cap,short,85.28846546570071,deep,morning,2025-10-03 10:15:00,2025-10-03 10:30:00,567.4,571.5937499999999,563.2062500000001,559.0125000000002,4.193749999999909,238,True,time,2025-10-03 15:10:00,564.828125,612.1062499999811,95.0729786205125,517.0332713794686,Fri,S85+,0.7391170250264204,0.5-1%
2026-01-16,ESAFSFB,small_cap,short,85.03784851066703,deep,morning,2026-01-16 11:00:00,2026-01-16 11:15:00,27.24,27.677699999999998,26.8023,26.3646,0.43769999999999953,2284,False,sl,2026-01-16 13:20:00,27.677699999999998,-999.7067999999989,66.54536388568079,-1066.2521638856797,Fri,S85+,1.6068281938325977,1-2%
2026-04-17,EXPLEOSOL,small_cap,short,88.57851106947308,deep,morning,2026-04-17 09:15:00,2026-04-17 09:30:00,832.4,866.6114999999999,798.1885000000001,763.9770000000002,34.21149999999989,29,False,time,2026-04-17 15:10:00,831.85,15.949999999998681,25.649135129500003,-9.699135129501322,Fri,S85+,4.109983181162889,3%+
2025-10-31,FCL,small_cap,short,86.49256111738136,deep,morning,2025-10-31 09:15:00,2025-10-31 09:30:00,28.89,29.979149999999994,27.800850000000008,26.711700000000015,1.089149999999993,918,False,time,2025-10-31 15:10:00,29.83,-862.9199999999979,28.550497973759995,-891.4704979737579,Fri,S85+,3.769989615783984,3%+
2025-12-12,FILATEX,small_cap,short,86.1940707668342,deep,morning,2025-12-12 09:15:00,2025-12-12 09:30:00,53.96,56.028749999999995,51.89125000000001,49.82250000000001,2.0687499999999943,483,False,time,2025-12-12 15:10:00,53.01,458.8500000000014,27.50636691306,431.3436330869414,Fri,S85+,3.8338584136397227,3%+
2025-10-03,FINOPB,small_cap,short,85.2623169182607,deep,morning,2025-10-03 09:15:00,2025-10-03 09:30:00,277.15,279.39,274.90999999999997,272.66999999999996,2.240000000000009,446,True,be,2025-10-03 11:15:00,276.03,499.520000000002,91.02425038167999,408.49574961832207,Fri,S85+,0.8082265920981451,0.5-1%
2026-02-27,FOSECOIND,small_cap,short,91.04315920677587,deep,morning,2026-02-27 09:15:00,2026-02-27 09:30:00,5366.7,5470.918499999999,5262.481500000001,5158.263000000002,104.21849999999904,9,True,be,2026-02-27 10:35:00,5320.380666666668,416.87399999999616,51.158465238755994,365.7155347612402,Fri,S85+,1.9419475655430536,1-2%
2025-12-19,GAEL,small_cap,short,90.10404631456069,deep,afternoon,2025-12-19 14:30:00,2025-12-19 14:45:00,123.3,125.62499999999999,120.97500000000001,118.65000000000002,2.3249999999999886,430,False,time,2025-12-19 15:10:00,124.04,-318.2000000000039,56.483320817199996,-374.68332081720393,Fri,S85+,1.8856447688564384,1-2%
2025-10-03,GANECOS,small_cap,short,86.96761003609033,deep,morning,2025-10-03 09:30:00,2025-10-03 09:45:00,1222.1,1234.8435,1209.3564999999999,1196.6129999999998,12.74350000000004,78,False,sl,2025-10-03 10:20:00,1234.8435,-993.9930000000031,81.089029217758,-1075.0820292177611,Fri,S85+,1.042754275427546,1-2%
2025-10-03,GARUDA,small_cap,short,88.34808675049251,deep,morning,2025-10-03 09:15:00,2025-10-03 09:30:00,191.35,193.96499999999997,188.735,186.12000000000003,2.6149999999999807,382,True,be,2025-10-03 15:05:00,190.0425,499.4649999999963,73.10156457061,426.3634354293863,Fri,S85+,1.366605696367902,1-2%
2025-10-03,GHCLTEXTIL,small_cap,short,86.20096813497618,deep,morning,2025-10-03 10:00:00,2025-10-03 10:15:00,78.18,79.88744999999999,76.47255000000003,74.76510000000005,1.7074499999999802,585,False,time,2025-10-03 15:10:00,77.79,228.15000000000032,48.5118818847,179.6381181153003,Fri,S85+,2.1839984650805575,2-3%
2025-10-03,GPTINFRA,small_cap,short,85.32017692777039,deep,morning,2025-10-03 09:30:00,2025-10-03 09:45:00,114.8,115.90664999999998,113.69335000000001,112.58670000000002,1.1066499999999877,903,True,be,2025-10-03 14:35:00,114.24728776301218,499.09914999999444,83.94773081549509,415.15141918449933,Fri,S85+,0.9639808362369231,0.5-1%
2025-11-14,GRMOVER,small_cap,short,87.55318120007247,deep,mid,2025-11-14 11:30:00,2025-11-14 11:45:00,157.5,163.76474999999996,151.23525000000004,144.97050000000007,6.264749999999964,159,False,time,2025-11-14 15:10:00,160.85,-532.6499999999991,26.839931415899997,-559.489931415899,Fri,S85+,3.977619047619025,3%+
2025-10-03,GUJALKALI,small_cap,short,91.42946373960385,deep,morning,2025-10-03 09:15:00,2025-10-03 09:30:00,555.05,561.3929999999999,548.707,542.364,6.342999999999961,157,False,sl,2025-10-03 13:10:00,561.3929999999999,-995.8509999999939,78.186455226706,-1074.0374552266999,Fri,S85+,1.142779929736053,1-2%
2025-10-03,GUJTHEM,small_cap,short,85.01917058507013,deep,morning,2025-10-03 09:45:00,2025-10-03 10:00:00,405.45,409.53749999999997,401.3625,397.27500000000003,4.087499999999977,244,False,sl,2025-10-03 13:00:00,409.53749999999997,-997.3499999999945,82.36870757170003,-1079.7187075716945,Fri,S85+,1.0081391046984776,1-2%
2026-04-17,HARIOMPIPE,small_cap,short,86.0880287453107,deep,morning,2026-04-17 10:00:00,2026-04-17 10:15:00,314.8,324.61499999999995,304.98500000000007,295.17000000000013,9.81499999999994,101,False,time,2026-04-17 15:10:00,315.55,-75.75,33.8238164821,-109.5738164821,Fri,S85+,3.117852604828444,3%+
2026-04-17,HARSHA,small_cap,short,85.94868352474225,deep,morning,2026-04-17 09:15:00,2026-04-17 09:30:00,408.7,414.76349999999996,402.6365,396.57300000000004,6.063499999999976,164,True,be,2026-04-17 12:45:00,405.66824999999994,497.20699999999806,70.899874148558,426.30712585144005,Fri,S85+,1.4836065573770434,1-2%
2025-10-10,HATHWAY,small_cap,short,89.29011596474109,deep,morning,2025-10-10 09:30:00,2025-10-10 09:45:00,14.2,14.411699999999998,13.9883,13.776600000000002,0.21169999999999867,4723,False,time,2025-10-10 15:10:00,14.18,94.45999999999799,70.98966730844,23.470332691557985,Fri,S85+,1.4908450704225258,1-2%
2025-10-03,HEMIPROP,small_cap,short,86.36178520547422,deep,morning,2025-10-03 09:15:00,2025-10-03 09:30:00,182.1,185.82449999999997,178.37550000000002,174.65100000000004,3.7244999999999777,268,False,sl,2025-10-03 10:25:00,185.82449999999997,-998.165999999994,52.288834614995984,-1050.45483461499,Fri,S85+,2.045304777594716,2-3%
2025-12-26,HEMIPROP,small_cap,short,88.36224938216219,deep,afternoon,2025-12-26 14:30:00,2025-12-26 14:45:00,138.19,142.509,133.871,129.55200000000002,4.318999999999988,231,False,sl,2025-12-26 15:10:00,142.509,-997.6889999999973,34.347399885414,-1032.0363998854114,Fri,S85+,3.1254070482668705,3%+
2026-01-16,HEMIPROP,small_cap,short,87.73710218218392,deep,morning,2026-01-16 10:00:00,2026-01-16 10:15:00,140.0,143.71499999999997,136.28500000000003,132.57000000000005,3.714999999999975,269,False,time,2026-01-16 15:10:00,139.08,247.47999999999664,39.92121036311999,207.55878963687664,Fri,S85+,2.6535714285714107,2-3%
2026-04-10,HINDOILEXP,small_cap,short,87.37250401769117,deep,morning,2026-04-10 09:30:00,2026-04-10 09:45:00,151.66,157.38299999999998,145.937,140.21400000000003,5.722999999999985,174,False,sl,2026-04-10 11:00:00,157.38299999999998,-995.8019999999974,28.466012755692,-1024.2680127556894,Fri,S85+,3.7735724647237143,3%+
2025-10-17,HINDWAREAP,small_cap,short,88.32500737915652,deep,morning,2025-10-17 09:30:00,2025-10-17 09:45:00,384.35,393.96,374.74000000000007,365.1300000000001,9.609999999999957,104,True,t2,2025-10-17 12:50:00,369.93500000000006,1499.1599999999933,41.85139136984,1457.3086086301532,Fri,S85+,2.5003252244048277,2-3%
2025-10-31,HIRECT,small_cap,short,91.01539612438432,deep,morning,2025-10-31 09:15:00,2025-10-31 09:30:00,1865.0,1903.0679999999998,1826.9320000000002,1788.8640000000005,38.067999999999756,26,True,be,2025-10-31 09:55:00,1845.9660000000001,494.88399999999683,51.327206793095996,443.5567932069008,Fri,S85+,2.041179624664866,2-3%
2026-04-10,HIRECT,small_cap,short,85.54952920653646,deep,morning,2026-04-10 10:45:00,2026-04-10 11:00:00,826.95,844.1999999999999,809.7000000000002,792.4500000000003,17.249999999999886,57,True,be,2026-04-10 12:25:00,818.4763157894738,482.9999999999968,49.8933267558,433.1066732441968,Fri,S85+,2.0859785960456962,2-3%
2026-03-06,HUBTOWN,small_cap,short,86.90551006478515,deep,morning,2026-03-06 09:15:00,2026-03-06 09:30:00,219.5,226.82849999999996,212.17150000000004,204.84300000000007,7.328499999999963,136,False,time,2026-03-06 15:10:00,212.5,952.0,31.325885311999993,920.674114688,Fri,S85+,3.3387243735762926,3%+
2025-12-12,ICEMAKE,small_cap,short,87.97799213423087,deep,morning,2025-12-12 09:15:00,2025-12-12 09:30:00,800.1,846.411,753.7890000000001,707.4780000000002,46.31099999999992,21,False,time,2025-12-12 15:10:00,767.5,684.6000000000005,17.5689789576,667.0310210424004,Fri,S85+,5.788151481064857,3%+
2026-01-02,IGARASHI,small_cap,short,91.67988080720386,deep,morning,2026-01-02 10:15:00,2026-01-02 10:30:00,483.55,494.4599999999999,472.6400000000001,461.7300000000002,10.909999999999911,91,False,sl,2026-01-02 11:10:00,494.4599999999999,-992.809999999992,47.18534566746,-1039.995345667452,Fri,S85+,2.2562299658773473,2-3%
2025-10-03,INDIANHUME,small_cap,short,87.14694815914893,deep,morning,2025-10-03 09:45:00,2025-10-03 10:00:00,372.8,376.32224999999994,369.2777500000001,365.75550000000015,3.5222499999999286,283,False,time,2025-10-03 15:10:00,374.5,-481.0999999999968,84.66594657540001,-565.7659465753968,Fri,S85+,0.944809549356204,0.5-1%
2025-10-03,INDIGOPNTS,small_cap,short,92.51365337409254,deep,morning,2025-10-03 09:45:00,2025-10-03 10:00:00,1088.3,1102.887,1073.713,1059.126,14.586999999999989,68,False,sl,2025-10-03 15:00:00,1102.887,-991.9159999999993,73.524510262696,-1065.4405102626952,Fri,S85+,1.3403473306992548,1-2%
2025-11-14,INDOTECH,small_cap,short,89.46708011431677,deep,morning,2025-11-14 09:15:00,2025-11-14 09:30:00,1895.0,1989.8999999999999,1800.1000000000001,1705.2000000000003,94.89999999999986,10,False,time,2025-11-14 15:10:00,1860.0,350.0,19.992795299999994,330.0072047,Fri,S85+,5.007915567282314,3%+
2025-12-05,INFOBEAN,small_cap,short,90.48736788543766,deep,morning,2025-12-05 09:30:00,2025-12-05 09:45:00,703.95,712.545,695.3550000000001,686.7600000000002,8.594999999999914,116,True,t2,2025-12-05 10:05:00,691.0575000000002,1495.529999999985,76.07250156322002,1419.457498436765,Fri,S85+,1.2209673982527045,1-2%
2026-01-02,INFOBEAN,small_cap,short,89.44730258504322,deep,morning,2026-01-02 10:15:00,2026-01-02 10:30:00,901.95,917.5649999999999,886.3350000000002,870.7200000000003,15.614999999999895,64,True,t2,2026-01-02 12:50:00,878.5275000000001,1499.03999999999,60.71890568735999,1438.32109431263,Fri,S85+,1.7312489605853867,1-2%
2026-04-10,INFOBEAN,small_cap,short,86.70968761938938,deep,morning,2026-04-10 09:45:00,2026-04-10 10:00:00,181.21,185.40239999999997,177.01760000000004,172.82520000000008,4.192399999999964,238,False,sl,2026-04-10 13:55:00,185.40239999999997,-997.7911999999914,46.257409878187204,-1044.0486098781785,Fri,S85+,2.3135588543678405,2-3%
2026-04-17,INFOBEAN,small_cap,short,85.78493949870227,deep,morning,2026-04-17 09:30:00,2026-04-17 09:45:00,193.64,196.2765,191.00349999999997,188.36699999999996,2.6365000000000123,379,True,be,2026-04-17 12:05:00,192.32522823218994,498.2985000000023,73.20590825402901,425.0925917459733,Fri,S85+,1.361547200991537,1-2%
2026-01-23,INNOVACAP,small_cap,short,90.15358454472752,deep,mid,2026-01-23 13:00:00,2026-01-23 13:15:00,721.0,768.7747499999999,673.2252500000001,625.4505000000001,47.774749999999926,20,True,time,2026-01-23 15:10:00,676.662625,886.747499999999,14.952068323015,871.795431676984,Fri,S85+,6.6261789181692,3%+
2026-04-17,INSECTICID,small_cap,short,88.74424068984425,deep,morning,2026-04-17 09:15:00,2026-04-17 09:30:00,713.6,759.78,667.4200000000001,621.2400000000001,46.17999999999995,21,False,time,2026-04-17 15:10:00,725.0,-239.39999999999952,16.0277601036,-255.42776010359952,Fri,S85+,6.471412556053805,3%+
2026-04-17,IOLCP,small_cap,short,89.44103595232826,deep,morning,2026-04-17 10:00:00,2026-04-17 10:15:00,91.04,94.19865,87.88135000000001,84.72270000000002,3.1586499999999944,316,False,time,2026-04-17 15:10:00,91.25,-66.35999999999802,30.603620317840004,-96.96362031783804,Fri,S85+,3.4695188927943694,3%+
2026-03-20,JAICORPLTD,small_cap,short,85.34669486105432,deep,morning,2026-03-20 09:15:00,2026-03-20 09:30:00,108.85,111.55499999999999,106.145,103.44,2.7049999999999983,369,True,be,2026-03-20 11:25:00,107.50116531165311,497.7199999999997,42.478792613479996,455.2412073865197,Fri,S85+,2.485071198897564,2-3%
2025-10-03,JAMNAAUTO,small_cap,short,85.30946495777447,deep,morning,2025-10-03 09:45:00,2025-10-03 10:00:00,101.34,102.4095,100.27050000000001,99.20100000000002,1.0694999999999908,935,False,time,2025-10-03 15:10:00,101.44,-93.49999999999469,80.8257684158,-174.3257684157947,Fri,S85+,1.055358200118404,1-2%
2025-10-24,JGCHEM,small_cap,short,85.40622752367779,deep,morning,2025-10-24 09:45:00,2025-10-24 10:00:00,447.5,459.28499999999997,435.71500000000003,423.93000000000006,11.784999999999968,84,False,sl,2025-10-24 10:25:00,459.28499999999997,-989.9399999999973,40.36826973564,-1030.3082697356374,Fri,S85+,2.6335195530726185,2-3%
2026-01-02,JTEKTINDIA,small_cap,short,87.24989967828571,deep,morning,2026-01-02 10:15:00,2026-01-02 10:30:00,146.66,149.74499999999998,143.57500000000002,140.49000000000004,3.0849999999999795,324,False,sl,2026-01-02 14:40:00,149.74499999999998,-999.5399999999934,50.92374271931999,-1050.4637427193134,Fri,S85+,2.1035047047592936,2-3%
2025-11-07,JUBLCPL,small_cap,short,92.46480179026864,deep,morning,2025-11-07 10:45:00,2025-11-07 11:00:00,2610.0,2658.4259999999995,2561.5740000000005,2513.148000000001,48.425999999999476,20,False,time,2025-11-07 15:10:00,2645.2,-703.9999999999964,55.77545622399998,-759.7754562239963,Fri,S85+,1.8554022988505547,1-2%
2025-10-03,KALAMANDIR,small_cap,short,92.8842966452453,deep,morning,2025-10-03 09:30:00,2025-10-03 09:45:00,171.91,176.39759999999998,167.4224,162.93480000000002,4.487599999999986,222,False,sl,2025-10-03 10:15:00,176.39759999999998,-996.247199999997,40.98100297180319,-1037.2282029718,Fri,S85+,2.6104356930952166,2-3%
2025-10-03,KECL,small_cap,short,85.61186046049411,deep,morning,2025-10-03 09:15:00,2025-10-03 09:30:00,116.51,117.85634999999998,115.16365000000003,113.81730000000006,1.3463499999999726,742,True,time,2025-10-03 15:10:00,115.36182500000004,851.945849999991,77.8162201590749,774.1296298409161,Fri,S85+,1.1555660458329522,1-2%
2025-10-03,KELLTONTEC,small_cap,short,87.06234825737059,deep,mid,2025-10-03 11:45:00,2025-10-03 12:00:00,25.6,26.270699999999998,24.929300000000005,24.25860000000001,0.6706999999999965,1490,True,t2,2025-10-03 14:30:00,24.593950000000007,1499.0144999999923,39.90820722361299,1459.1062927763792,Fri,S85+,2.6199218749999864,2-3%
2026-04-17,KELLTONTEC,small_cap,short,88.54822648626862,deep,mid,2026-04-17 11:45:00,2026-04-17 12:00:00,15.86,16.2609,15.4591,15.0582,0.40090000000000003,2494,False,time,2026-04-17 15:10:00,15.75,274.33999999999855,41.92375008803999,232.41624991195857,Fri,S85+,2.527742749054225,2-3%
2025-10-03,KICL,small_cap,short,85.61532994316411,deep,morning,2025-10-03 09:45:00,2025-10-03 10:00:00,5350.0,5452.124999999999,5247.875000000001,5145.750000000002,102.12499999999909,9,True,time,2025-10-03 15:10:00,5268.111111111111,736.9999999999955,50.86382157799999,686.1361784219955,Fri,S85+,1.9088785046728802,1-2%
2025-10-17,KICL,small_cap,short,86.61086696735057,deep,morning,2025-10-17 10:15:00,2025-10-17 10:30:00,5522.9,5694.329999999999,5351.47,5180.040000000001,171.42999999999938,5,True,time,2025-10-17 15:10:00,5348.308,872.9599999999982,28.981151392239994,843.9788486077582,Fri,S85+,3.103985225153441,3%+
2025-10-03,KIRIINDUS,small_cap,short,93.6375626174265,deep,morning,2025-10-03 10:15:00,2025-10-03 10:30:00,603.5,619.8839999999999,587.1160000000001,570.7320000000002,16.3839999999999,61,True,be,2025-10-03 15:05:00,595.4422950819672,491.519999999997,38.918700084879994,452.601299915117,Fri,S85+,2.7148301574150624,2-3%
2025-10-10,KITEX,small_cap,short,89.0158805082877,deep,morning,2025-10-10 10:00:00,2025-10-10 10:15:00,189.12,194.4072,183.83280000000002,178.54560000000004,5.287199999999984,189,False,sl,2025-10-10 11:15:00,194.40720000000002,-999.280799999997,38.409914952964805,-1037.6907149529618,Fri,S85+,2.7956852791878086,2-3%
2026-04-17,KOLTEPATIL,small_cap,short,92.76379179076233,deep,morning,2026-04-17 10:30:00,2026-04-17 10:45:00,390.1,395.4675,384.7325000000001,379.3650000000001,5.36749999999995,186,True,t2,2026-04-17 13:30:00,382.0487500000001,1497.5324999999862,72.843719307505,1424.6887806924813,Fri,S85+,1.3759292489105228,1-2%
2025-12-12,KRISHANA,small_cap,short,89.00819058978396,deep,morning,2025-12-12 09:15:00,2025-12-12 09:30:00,532.5,541.4437499999999,523.5562500000001,514.6125000000002,8.943749999999909,111,False,time,2025-12-12 15:10:00,530.8,188.70000000000505,62.74064097779999,125.95935902220506,Fri,S85+,1.6795774647887154,1-2%
2025-12-12,KROSS,small_cap,short,85.42499810634314,deep,morning,2025-12-12 09:15:00,2025-12-12 09:30:00,170.64,174.36749999999998,166.9125,163.185,3.727499999999992,268,False,sl,2025-12-12 11:00:00,174.36749999999998,-998.9699999999979,49.02498018605999,-1047.9949801860578,Fri,S85+,2.1844233473980266,2-3%
2026-04-17,KSL,small_cap,short,88.00697605789884,deep,morning,2026-04-17 09:15:00,2026-04-17 09:30:00,730.8,744.95625,716.64375,702.4875,14.15625,70,False,sl,2026-04-17 11:40:00,744.95625,-990.9375,54.78679768012499,-1045.724297680125,Fri,S85+,1.9370894909688015,1-2%
2025-10-03,LANDMARK,small_cap,short,87.55339150813681,deep,morning,2025-10-03 09:45:00,2025-10-03 10:00:00,611.75,618.276,605.224,598.6980000000001,6.525999999999954,153,False,sl,2025-10-03 12:05:00,618.276,-998.4779999999929,80.476908281068,-1078.9549082810609,Fri,S85+,1.0667756436452724,1-2%
2025-10-03,LAOPALA,small_cap,short,86.57404408341212,deep,morning,2025-10-03 09:30:00,2025-10-03 09:45:00,244.15,245.8029,242.49710000000002,240.84420000000003,1.6528999999999883,604,False,sl,2025-10-03 11:45:00,245.8029,-998.3515999999929,99.5902141671496,-1097.9418141671424,Fri,S85+,0.6770018431292191,0.5-1%
2025-12-19,LGHL,small_cap,short,91.15518870671777,deep,morning,2025-12-19 09:15:00,2025-12-19 09:30:00,294.1,303.81149999999997,284.3885000000001,274.67700000000013,9.711499999999944,102,False,time,2025-12-19 15:10:00,290.0,418.2000000000023,31.706214949199996,386.49378505080233,Fri,S85+,3.30210812648757,3%+
2025-10-03,LUMAXIND,small_cap,short,86.65788555959499,deep,morning,2025-10-03 10:00:00,2025-10-03 10:15:00,5217.0,5356.147499999999,5077.852500000001,4938.705000000002,139.14749999999913,7,False,time,2025-10-03 15:10:00,5284.0,-469.0,39.01047084199999,-508.010470842,Fri,S85+,2.6671937895341986,2-3%
2025-10-03,MAHLOG,small_cap,short,85.35423472927098,deep,morning,2025-10-03 09:15:00,2025-10-03 09:30:00,348.2,352.75499999999994,343.64500000000004,339.0900000000001,4.55499999999995,219,False,sl,2025-10-03 10:35:00,352.75499999999994,-997.544999999989,74.32371342787002,-1071.8687134278591,Fri,S85+,1.3081562320505313,1-2%
2025-11-14,MANINDS,small_cap,short,90.71349558264497,deep,morning,2025-11-14 10:00:00,2025-11-14 10:15:00,432.95,442.19999999999993,423.70000000000005,414.4500000000001,9.249999999999943,108,True,time,2025-11-14 15:10:00,423.975,969.2999999999963,49.287132347400004,920.0128676525964,Fri,S85+,2.1365053701351067,2-3%
2026-04-17,MANINDS,small_cap,short,85.07349838919107,deep,morning,2026-04-17 09:15:00,2026-04-17 09:30:00,528.0,552.7499999999999,503.2500000000001,478.5000000000002,24.749999999999886,40,False,time,2026-04-17 15:10:00,537.35,-374.0000000000009,22.604195284,-396.6041952840009,Fri,S85+,4.687499999999979,3%+
2025-10-03,MASTERTR,small_cap,short,85.83003985358621,deep,morning,2025-10-03 10:15:00,2025-10-03 10:30:00,158.99,160.79999999999998,157.18000000000004,155.37000000000006,1.8099999999999739,552,False,sl,2025-10-03 10:55:00,160.79999999999998,-999.1199999999856,78.40652773647999,-1077.5265277364656,Fri,S85+,1.1384363796465022,1-2%
2025-12-12,MATRIMONY,small_cap,short,88.555379215093,deep,morning,2025-12-12 10:00:00,2025-12-12 10:15:00,558.15,563.3024999999999,552.9975000000001,547.8450000000001,5.152499999999918,194,True,t2,2025-12-12 13:35:00,550.4212500000001,1499.3774999999762,85.51836661343499,1413.859133386541,Fri,S85+,0.9231389411448389,0.5-1%
2025-11-07,MBEL,small_cap,short,91.41486875934946,deep,mid,2025-11-07 11:30:00,2025-11-07 11:45:00,501.5,514.61025,488.38975000000005,475.2795000000001,13.11024999999995,76,False,sl,2025-11-07 12:25:00,514.61025,-996.3789999999963,40.927896656874,-1037.3068966568703,Fri,S85+,2.614207377866391,2-3%
2025-10-03,MCLEODRUSS,small_cap,short,85.08593128312222,deep,morning,2025-10-03 09:30:00,2025-10-03 09:45:00,39.4,40.1598,38.6402,37.8804,0.7597999999999985,1316,False,sl,2025-10-03 10:15:00,40.1598,-999.8967999999979,55.5285898357008,-1055.4253898356988,Fri,S85+,1.9284263959390826,1-2%
2026-04-10,MCLEODRUSS,small_cap,short,86.31191743540485,deep,morning,2026-04-10 10:15:00,2026-04-10 10:30:00,44.26,46.8732,41.6468,39.0336,2.613199999999999,382,False,time,2026-04-10 15:10:00,43.51,286.5,17.848569764839997,268.65143023516,Fri,S85+,5.904202440126523,3%+
2025-10-10,MIRZAINT,small_cap,short,85.04783778768083,deep,morning,2025-10-10 09:30:00,2025-10-10 09:45:00,39.9,41.808,37.992,36.083999999999996,1.9080000000000013,524,False,time,2025-10-10 15:10:00,39.79,57.6399999999997,22.19655832936,35.4434416706397,Fri,S85+,4.781954887218048,3%+
2025-12-26,MODISONLTD,small_cap,short,87.87579955370788,deep,mid,2025-12-26 12:45:00,2025-12-26 13:00:00,145.89,149.8455,141.93449999999999,137.97899999999998,3.9555000000000007,252,False,time,2025-12-26 15:10:00,143.99,478.79999999999427,38.87174876256,439.92825123743427,Fri,S85+,2.7112893275755714,2-3%
2026-01-02,MODISONLTD,small_cap,short,85.50275921684934,deep,afternoon,2026-01-02 14:15:00,2026-01-02 14:30:00,160.44,162.91049999999998,157.9695,155.49900000000002,2.470499999999987,404,False,time,2026-01-02 15:10:00,160.08,145.43999999999403,68.82780385248,76.61219614751403,Fri,S85+,1.5398279730740383,1-2%
2025-10-03,MOL,small_cap,short,87.01468796079382,deep,morning,2025-10-03 09:45:00,2025-10-03 10:00:00,83.03,83.82704999999999,82.23295000000002,81.43590000000003,0.7970499999999845,1254,False,sl,2025-10-03 12:50:00,83.82704999999999,-999.5006999999805,84.21026295562422,-1083.7109629556048,Fri,S85+,0.9599542334095924,0.5-1%
2025-11-14,MOTISONS,small_cap,short,89.229013501546,deep,mid,2025-11-14 13:00:00,2025-11-14 13:15:00,17.15,18.2106,16.089399999999998,15.028799999999997,1.0606000000000009,942,False,time,2025-11-14 15:10:00,16.82,310.8599999999984,17.039048434439998,293.8209515655584,Fri,S85+,6.184256559766769,3%+
2025-11-28,MSPL,small_cap,short,89.39108698307227,deep,morning,2025-11-28 09:30:00,2025-11-28 09:45:00,37.26,37.788,36.732,36.204,0.5279999999999987,1893,False,sl,2025-11-28 10:35:00,37.788,-999.5039999999975,72.293391228784,-1071.7973912287816,Fri,S85+,1.4170692431561962,1-2%
2026-01-30,MTNL,small_cap,short,87.85645642535798,deep,mid,2026-01-30 11:30:00,2026-01-30 11:45:00,34.82,37.1247,32.5153,30.210600000000007,2.304699999999997,433,False,time,2026-01-30 15:10:00,33.74,467.63999999999925,15.82701399088,451.81298600911924,Fri,S85+,6.61889718552555,3%+
2025-10-31,MUFIN,small_cap,short,85.2294605422995,deep,mid,2025-10-31 12:15:00,2025-10-31 12:30:00,106.9,108.69075,105.10925000000002,103.31850000000003,1.7907499999999885,558,False,sl,2025-10-31 12:55:00,108.69075,-999.2384999999936,63.818033461731,-1063.0565334617245,Fri,S85+,1.6751637043966217,1-2%
2025-10-10,MUFTI,small_cap,short,86.41324162520785,deep,morning,2025-10-10 09:30:00,2025-10-10 09:45:00,115.41,117.40409999999999,113.41590000000001,111.42180000000002,1.9940999999999889,501,False,time,2025-10-10 15:10:00,115.04,185.36999999999517,61.374109562699985,123.99589043729519,Fri,S85+,1.7278398752274402,1-2%
2026-01-23,MUKKA,small_cap,short,89.70224180112778,deep,mid,2026-01-23 12:45:00,2026-01-23 13:00:00,22.6,23.989349999999998,21.210650000000005,19.821300000000008,1.3893499999999968,719,False,time,2026-01-23 15:10:00,22.35,179.75,17.1943095843,162.55569041569998,Fri,S85+,6.1475663716814015,3%+
2025-10-03,NAVKARCORP,small_cap,short,85.2013471978644,deep,morning,2025-10-03 09:15:00,2025-10-03 09:30:00,127.01,129.12239999999997,124.89760000000004,122.78520000000007,2.1123999999999654,473,True,t2,2025-10-03 12:35:00,123.83916701902753,1499.8039999999755,63.217180348336015,1436.5868196516394,Fri,S85+,1.6631761278639203,1-2%
2025-12-19,NAVKARCORP,small_cap,short,87.06759727415046,deep,morning,2025-12-19 11:00:00,2025-12-19 11:15:00,98.31,103.01249999999999,93.60750000000002,88.90500000000003,4.702499999999986,212,False,time,2025-12-19 15:10:00,97.57000000000001,156.88000000000193,22.08471994336,134.79528005664193,Fri,S85+,4.783338419285918,3%+
2025-10-03,NAVNETEDUL,small_cap,short,85.23405050262511,deep,morning,2025-10-03 09:45:00,2025-10-03 10:00:00,157.14,159.18194999999997,155.09805,153.05610000000001,2.0419499999999857,489,False,sl,2025-10-03 12:00:00,159.18194999999997,-998.5135499999931,74.53157790987129,-1073.0451279098643,Fri,S85+,1.299446353570056,1-2%
2025-10-03,NELCO,small_cap,short,88.91292145589718,deep,morning,2025-10-03 09:30:00,2025-10-03 09:45:00,880.4,896.5102499999998,864.2897500000001,848.1795000000003,16.110249999999837,62,False,sl,2025-10-03 11:15:00,896.5102499999998,-998.8354999999899,58.43429573031299,-1057.2697957303028,Fri,S85+,1.8298784643343753,1-2%
2025-10-31,NELCO,small_cap,short,86.24226664287677,deep,mid,2025-10-31 12:30:00,2025-10-31 12:45:00,875.7,889.425,861.9750000000001,848.2500000000002,13.724999999999909,72,False,sl,2025-10-31 14:30:00,889.425,-988.1999999999935,67.42715513399999,-1055.6271551339935,Fri,S85+,1.5673175745118086,1-2%
2025-12-26,NEOGEN,small_cap,short,87.48098737871399,deep,morning,2025-12-26 09:15:00,2025-12-26 09:30:00,1152.4,1178.262,1126.5380000000002,1100.6760000000004,25.861999999999853,38,False,sl,2025-12-26 10:45:00,1178.262,-982.7559999999944,46.955952129336,-1029.7119521293305,Fri,S85+,2.244186046511615,2-3%
2025-10-03,NFL,small_cap,short,86.55800535373011,deep,morning,2025-10-03 09:45:00,2025-10-03 10:00:00,93.8,94.9725,92.6275,91.455,1.1724999999999994,852,False,sl,2025-10-03 14:40:00,94.9725,-998.9699999999996,75.62306006302,-1074.5930600630195,Fri,S85+,1.2499999999999993,1-2%
2025-12-05,NFL,small_cap,short,89.32357623783207,deep,afternoon,2025-12-05 14:30:00,2025-12-05 14:45:00,88.0,91.9575,84.0425,80.08500000000001,3.957499999999996,252,False,time,2025-12-05 15:10:00,89.17,-294.84000000000043,23.693166257039994,-318.5331662570404,Fri,S85+,4.497159090909086,3%+
2025-12-12,NIBE,small_cap,short,88.74218204395697,deep,mid,2025-12-12 13:00:00,2025-12-12 13:15:00,1085.7,1103.4899999999998,1067.9100000000003,1050.1200000000006,17.789999999999736,56,False,time,2025-12-12 15:10:00,1099.5,-772.7999999999975,64.9437819072,-837.7437819071974,Fri,S85+,1.6385741917656567,1-2%
2026-01-02,NIBE,small_cap,short,85.32132998923647,deep,mid,2026-01-02 11:30:00,2026-01-02 11:45:00,1215.1,1240.1699999999998,1190.03,1164.96,25.069999999999936,39,False,time,2026-01-02 15:10:00,1232.0,-659.1000000000035,50.64324028139999,-709.7432402814036,Fri,S85+,2.063204674512381,2-3%
2025-12-12,NITCO,small_cap,short,89.1059133199561,deep,morning,2025-12-12 09:15:00,2025-12-12 09:30:00,89.68,91.857,87.50300000000001,85.32600000000002,2.1769999999999925,459,False,sl,2025-12-12 10:40:00,91.857,-999.2429999999965,44.169744889098,-1043.4127448890945,Fri,S85+,2.427520071364844,2-3%
2025-10-24,NOCIL,small_cap,short,86.28954519743426,deep,morning,2025-10-24 10:00:00,2025-10-24 10:15:00,187.05,189.945,184.15500000000003,181.26000000000005,2.894999999999982,345,False,sl,2025-10-24 12:45:00,189.945,-998.7749999999937,69.00653946464999,-1067.7815394646436,Fri,S85+,1.5477145148355957,1-2%
2025-10-17,NSIL,small_cap,short,88.96017407790403,deep,morning,2025-10-17 10:15:00,2025-10-17 10:30:00,8489.5,8773.65,8205.35,7921.200000000001,284.14999999999964,3,True,time,2025-10-17 15:10:00,8202.783333333333,860.1499999999996,26.7057550511,833.4442449488996,Fri,S85+,3.3470757995170466,3%+
2026-03-13,NUCLEUS,small_cap,short,86.56558415346944,deep,morning,2026-03-13 11:00:00,2026-03-13 11:15:00,796.85,827.8687499999999,765.8312500000002,734.8125000000003,31.01874999999984,32,False,time,2026-03-13 15:10:00,789.95,220.79999999999927,27.0078093056,193.79219069439927,Fri,S85+,3.8926711426240623,3%+
2025-10-03,ORIENTTECH,small_cap,short,85.30066668378889,deep,morning,2025-10-03 09:45:00,2025-10-03 10:00:00,352.15,359.99099999999993,344.309,336.4680000000001,7.840999999999951,127,False,sl,2025-10-03 11:05:00,359.99099999999993,-995.8069999999939,47.95183326124199,-1043.7588332612358,Fri,S85+,2.226607979554154,2-3%
2025-12-26,PANACEABIO,small_cap,short,92.2471261775021,deep,morning,2025-12-26 10:15:00,2025-12-26 10:30:00,406.85,412.45199999999994,401.2480000000001,395.6460000000002,5.601999999999919,178,False,sl,2025-12-26 11:05:00,412.45199999999994,-997.1559999999855,72.962450968936,-1070.1184509689215,Fri,S85+,1.3769202408749954,1-2%
2025-10-03,PANAMAPET,small_cap,short,87.41804041296288,deep,morning,2025-10-03 09:15:00,2025-10-03 09:30:00,282.65,287.7315,277.5685,272.48699999999997,5.0815000000000055,196,False,time,2025-10-03 15:10:00,282.3,68.59999999999332,58.850238661199995,9.74976133879332,Fri,S85+,1.7978064744383533,1-2%
2025-10-03,PARACABLES,small_cap,short,89.96064214311832,deep,morning,2025-10-03 09:15:00,2025-10-03 09:30:00,45.45,45.97875,44.92125000000001,44.39250000000001,0.5287499999999952,1891,True,t2,2025-10-03 12:05:00,44.65673519301958,1500.0637499999864,77.59354111426751,1422.4702088857189,Fri,S85+,1.1633663366336526,1-2%
2025-12-26,PARACABLES,small_cap,short,87.97491433541875,deep,morning,2025-12-26 09:15:00,2025-12-26 09:30:00,41.71,42.642149999999994,40.77785000000001,39.845700000000015,0.9321499999999929,1072,True,t2,2025-12-26 14:50:00,40.31177500000001,1498.8971999999885,46.88999621997681,1452.0072037800117,Fri,S85+,2.234835770798353,2-3%
2025-10-03,PARAGMILK,small_cap,short,87.92275829521701,deep,morning,2025-10-03 09:45:00,2025-10-03 10:00:00,282.85,285.82199999999995,279.8780000000001,276.9060000000002,2.971999999999923,336,True,be,2025-10-03 14:35:00,281.36400000000003,499.2959999999871,80.886825385024,418.4091746149631,Fri,S85+,1.0507336043839217,1-2%
2026-01-16,PATELENG,small_cap,short,91.62616551799356,deep,morning,2026-01-16 10:00:00,2026-01-16 10:15:00,30.45,31.034399999999994,29.865600000000004,29.28120000000001,0.5843999999999951,1711,False,sl,2026-01-16 10:55:00,31.034399999999994,-999.9083999999917,55.7938194586104,-1055.702219458602,Fri,S85+,1.9192118226600825,1-2%
2026-04-17,PATELENG,small_cap,short,85.56229610767276,deep,morning,2026-04-17 10:15:00,2026-04-17 10:30:00,28.76,29.094749999999998,28.425250000000005,28.09050000000001,0.3347499999999961,2987,True,time,2026-04-17 15:10:00,28.47764253431537,843.4017499999948,77.62367191107953,765.7780780889152,Fri,S85+,1.1639429763560365,1-2%
2025-10-10,PENIND,small_cap,short,85.7465500147375,deep,morning,2025-10-10 09:45:00,2025-10-10 10:00:00,241.75,244.84814999999998,238.65185000000002,235.55370000000005,3.0981499999999755,322,False,time,2025-10-10 15:10:00,241.38,119.14000000000146,74.81177717116,44.32822282884146,Fri,S85+,1.2815511892450777,1-2%
2025-10-24,PFS,small_cap,short,92.74356297653554,deep,morning,2025-10-24 09:45:00,2025-10-24 10:00:00,39.57,40.602,38.538000000000004,37.50600000000001,1.0319999999999965,968,True,be,2025-10-24 15:05:00,39.054,499.4879999999983,40.49920853299201,458.9887914670063,Fri,S85+,2.6080363912054496,2-3%
2026-01-16,POLYPLEX,small_cap,short,86.13327786923651,deep,morning,2026-01-16 10:15:00,2026-01-16 10:30:00,881.75,917.0624999999999,846.4375000000001,811.1250000000002,35.312499999999886,28,False,time,2026-01-16 15:10:00,873.45,232.39999999999873,26.141830713599994,206.25816928639873,Fri,S85+,4.004819960306196,3%+
2026-02-27,POLYPLEX,small_cap,short,88.39215314107744,deep,morning,2026-02-27 09:15:00,2026-02-27 09:30:00,904.75,919.5749999999999,889.9250000000001,875.1000000000001,14.824999999999932,67,False,sl,2026-02-27 09:45:00,919.5749999999999,-993.2749999999954,64.84437556365,-1058.1193755636455,Fri,S85+,1.6385741917656738,1-2%
2025-12-19,PRECAM,small_cap,short,88.47362816699784,deep,afternoon,2025-12-19 14:30:00,2025-12-19 14:45:00,170.65,174.66899999999998,166.63100000000003,162.61200000000005,4.018999999999977,248,True,time,2025-12-19 15:10:00,165.62550000000002,1246.0759999999973,44.454375311544,1201.6216246884533,Fri,S85+,2.3551128039847504,2-3%
2025-10-03,PRECWIRE,small_cap,short,88.9161815219671,deep,morning,2025-10-03 09:15:00,2025-10-03 09:30:00,195.8,199.94474999999997,191.65525000000005,187.5105000000001,4.144749999999959,241,False,sl,2025-10-03 13:55:00,199.94474999999997,-998.8847499999902,50.572696120558504,-1049.4574461205486,Fri,S85+,2.116828396322757,2-3%
2026-04-10,PROSTARM,small_cap,short,85.36717303579496,deep,mid,2026-04-10 11:15:00,2026-04-10 11:30:00,148.54,150.6495,146.4305,144.321,2.109499999999997,474,True,time,2026-04-10 15:10:00,146.56525,936.0315000000002,72.11849496423099,863.9130050357692,Fri,S85+,1.4201561868856853,1-2%
2025-10-03,PTC,small_cap,short,87.40940075174989,deep,morning,2025-10-03 09:15:00,2025-10-03 09:30:00,168.8,170.34749999999997,167.25250000000005,165.7050000000001,1.5474999999999568,646,True,be,2025-10-03 15:00:00,168.02625000000003,499.84249999998605,85.85671119404498,413.98578880594107,Fri,S85+,0.9167654028435763,0.5-1%
2025-10-24,PVP,small_cap,short,85.21796693361499,deep,morning,2025-10-24 10:30:00,2025-10-24 10:45:00,32.4,32.602199999999996,32.1978,31.995600000000003,0.20219999999999771,4945,True,t2,2025-10-24 11:35:00,32.09667955510617,1499.9195999999831,103.94616543544237,1395.9734345645406,Fri,S85+,0.6240740740740671,0.5-1%
2025-11-14,PVP,small_cap,short,99.75269553704665,deep,morning,2025-11-14 10:45:00,2025-11-14 11:00:00,34.74,34.93379999999999,34.54620000000001,34.352400000000024,0.19379999999998887,5159,False,time,2025-11-14 15:10:00,34.76,-103.17999999997947,110.79766020300002,-213.9776602029795,Fri,S85+,0.5578583765111942,0.5-1%
2025-12-26,PVP,small_cap,short,95.30321479278592,deep,afternoon,2025-12-26 14:30:00,2025-12-26 14:45:00,36.63,37.164899999999996,36.09510000000001,35.560200000000016,0.5348999999999933,1869,False,time,2025-12-26 15:10:00,36.98,-654.1499999999894,71.53504472854,-725.6850447285294,Fri,S85+,1.4602784602784418,1-2%
2025-12-19,QUADFUTURE,small_cap,short,91.25126436959853,deep,morning,2025-12-19 09:45:00,2025-12-19 10:00:00,287.3,291.45,283.15000000000003,279.00000000000006,4.149999999999977,240,False,sl,2025-12-19 10:20:00,291.45,-995.9999999999945,71.7321334,-1067.7321333999946,Fri,S85+,1.4444831186912555,1-2%
2025-10-31,RACLGEAR,small_cap,short,86.62749289143323,deep,mid,2025-10-31 12:30:00,2025-10-31 12:45:00,1146.4,1176.7545,1116.0455000000002,1085.6910000000003,30.354499999999916,32,False,time,2025-10-31 15:10:00,1148.0,-51.19999999999709,39.010621644800004,-90.2106216447971,Fri,S85+,2.6478105373342564,2-3%
2025-10-03,RAIN,small_cap,short,89.52512500734383,deep,morning,2025-10-03 09:30:00,2025-10-03 09:45:00,132.94,134.469,131.411,129.882,1.5289999999999964,654,True,be,2025-10-03 15:05:00,132.1755,499.9829999999988,78.014632707022,421.96836729297684,Fri,S85+,1.1501429216187726,1-2%
2025-10-31,RAJRATAN,small_cap,short,85.63643000502015,deep,morning,2025-10-31 09:30:00,2025-10-31 09:45:00,429.95,449.23499999999996,410.665,391.38000000000005,19.284999999999968,51,False,time,2025-10-31 15:10:00,429.6,17.84999999999826,23.297234892300008,-5.447234892301747,Fri,S85+,4.485405279683677,3%+
2026-04-10,RAMASTEEL,small_cap,short,98.3560805526914,deep,mid,2026-04-10 11:15:00,2026-04-10 11:30:00,5.37,5.4672,5.2728,5.1756,0.09719999999999995,10288,True,be,2026-04-10 11:55:00,5.321400000000001,499.9967999999998,58.5060052752192,441.4907947247806,Fri,S85+,1.8100558659217867,1-2%
2026-04-17,RAMRAT,small_cap,short,90.51471772915394,deep,morning,2026-04-17 10:45:00,2026-04-17 11:00:00,373.55,381.9,365.20000000000005,356.8500000000001,8.349999999999966,119,False,sl,2026-04-17 11:30:00,381.9,-993.649999999996,47.66332736129999,-1041.313327361296,Fri,S85+,2.235309864810592,2-3%
2026-01-30,RAYMONDREL,small_cap,short,95.91703451267642,deep,morning,2026-01-30 09:45:00,2026-01-30 10:00:00,504.7,516.3187499999999,493.08125000000007,481.46250000000015,11.61874999999992,86,False,time,2026-01-30 15:10:00,502.0,232.19999999999902,46.032654137200005,186.167345862799,Fri,S85+,2.3021101644541155,2-3%
2025-10-31,RBZJEWEL,small_cap,short,85.67896878132841,deep,afternoon,2025-10-31 14:30:00,2025-10-31 14:45:00,147.84,152.60924999999997,143.07075000000003,138.30150000000006,4.769249999999971,209,False,time,2025-10-31 15:10:00,147.4,91.95999999999952,32.80060785496,59.159392145039526,Fri,S85+,3.225953733766214,3%+
2025-11-28,RICOAUTO,small_cap,short,86.36111643700292,deep,morning,2025-11-28 09:45:00,2025-11-28 10:00:00,113.35,121.002,105.698,98.04599999999999,7.652000000000001,130,False,sl,2025-11-28 14:50:00,121.002,-994.7600000000001,16.08026405856,-1010.8402640585601,Fri,S85+,6.750771945302163,3%+
2026-01-09,RMDRIP,small_cap,short,86.04220330999041,deep,morning,2026-01-09 10:45:00,2026-01-09 11:00:00,90.29,90.7515,89.82850000000002,89.36700000000003,0.4614999999999867,2166,False,time,2026-01-09 15:10:00,90.36,-151.61999999998523,116.6001429874,-268.2201429873852,Fri,S85+,0.5111308007531141,0.5-1%
2026-01-16,RMDRIP,small_cap,short,89.83699386733635,deep,morning,2026-01-16 10:00:00,2026-01-16 10:15:00,94.29,94.79159999999999,93.78840000000002,93.28680000000004,0.5015999999999821,1993,False,time,2026-01-16 15:10:00,94.56,-538.109999999992,113.91253223830002,-652.0225322382921,Fri,S85+,0.5319758192809226,0.5-1%
2026-01-23,RMDRIP,small_cap,short,95.66276774843043,deep,morning,2026-01-23 09:15:00,2026-01-23 09:30:00,100.55,103.60544999999999,97.49455,94.43910000000001,3.0554499999999933,327,False,time,2026-01-23 15:10:00,100.86,-101.37000000000074,34.98781706442,-136.35781706442074,Fri,S85+,3.038736946792634,3%+
2026-01-30,RMDRIP,small_cap,short,87.03952225892161,deep,morning,2026-01-30 09:45:00,2026-01-30 10:00:00,105.22,105.87674999999999,104.56325000000001,103.90650000000002,0.6567499999999882,1522,False,time,2026-01-30 15:10:00,105.34,-182.64000000000692,104.03362200191998,-286.6736220019269,Fri,S85+,0.6241684090476983,0.5-1%
2026-02-06,RMDRIP,small_cap,short,86.50290578355606,deep,mid,2026-02-06 11:15:00,2026-02-06 11:30:00,111.41,112.01729999999998,110.80270000000002,110.19540000000003,0.6072999999999809,1646,False,time,2026-02-06 15:10:00,111.45,-65.84000000001029,112.27016770936001,-178.1101677093703,Fri,S85+,0.5451036711246575,0.5-1%
2026-02-20,RMDRIP,small_cap,short,90.5939664334639,deep,morning,2026-02-20 09:45:00,2026-02-20 10:00:00,120.37,121.10249999999999,119.63750000000002,118.90500000000003,0.7324999999999875,1365,False,time,2026-02-20 15:10:00,120.33000000000001,54.600000000008535,105.493723033,-50.89372303299146,Fri,S85+,0.608540333970248,0.5-1%
2025-10-03,ROSSARI,small_cap,short,88.45495080092095,deep,morning,2025-10-03 09:15:00,2025-10-03 09:30:00,637.5,645.2099999999999,629.7900000000001,622.0800000000002,7.709999999999923,129,False,sl,2025-10-03 10:35:00,645.2099999999999,-994.58999999999,76.44589318354001,-1071.03589318353,Fri,S85+,1.2094117647058702,1-2%
2026-04-17,ROSSARI,small_cap,short,85.36646942830085,deep,morning,2026-04-17 10:00:00,2026-04-17 10:15:00,496.1,509.48474999999996,482.7152500000001,469.33050000000014,13.38474999999994,74,False,time,2026-04-17 15:10:00,504.65,-632.6999999999966,39.28394003299999,-671.9839400329967,Fri,S85+,2.697994355976605,2-3%
2026-04-10,ROSSTECH,small_cap,short,90.31219594102626,deep,morning,2026-04-10 10:00:00,2026-04-10 10:15:00,888.45,902.4899999999999,874.4100000000002,860.3700000000003,14.03999999999985,71,False,sl,2026-04-10 10:40:00,902.4899999999999,-996.8399999999893,67.46220217643999,-1064.3022021764293,Fri,S85+,1.580280263380027,1-2%
2025-10-31,RPEL,small_cap,short,87.27921117992017,deep,mid,2025-10-31 11:30:00,2025-10-31 11:45:00,767.9,781.5885,754.2115,740.523,13.688499999999976,73,False,sl,2025-10-31 13:15:00,781.5885,-999.2604999999983,59.998827810662995,-1059.2593278106613,Fri,S85+,1.7825888787602522,1-2%
2026-04-17,RPGLIFE,small_cap,short,86.30952829335072,deep,afternoon,2026-04-17 13:30:00,2026-04-17 13:45:00,2017.7,2048.592,1986.808,1955.916,30.892000000000053,32,False,time,2026-04-17 15:10:00,2021.5,-121.59999999999854,68.6731876864,-190.27318768639856,Fri,S85+,1.5310502056797368,1-2%
2026-03-27,RPSGVENT,small_cap,short,86.61350011286092,deep,morning,2026-03-27 09:15:00,2026-03-27 09:30:00,779.9,796.0604999999999,763.7395,747.5790000000001,16.160499999999956,61,True,t2,2026-03-27 10:40:00,755.526786885246,1486.765999999996,49.935579693804,1436.830420306192,Fri,S85+,2.07212463136299,2-3%
2026-04-10,RSWM,small_cap,short,86.18960285646327,deep,morning,2026-04-10 09:15:00,2026-04-10 09:30:00,151.04,153.765,148.315,145.59,2.7249999999999943,366,False,sl,2026-04-10 10:25:00,153.765,-997.3499999999979,59.17321683377999,-1056.523216833778,Fri,S85+,1.8041578389830473,1-2%
2025-10-03,RSYSTEMS,small_cap,short,87.42426042819673,deep,morning,2025-10-03 09:45:00,2025-10-03 10:00:00,415.7,421.24574999999993,410.15425000000005,404.6085000000001,5.545749999999941,180,False,time,2025-10-03 15:10:00,414.3,251.9999999999959,73.7321764,178.2678235999959,Fri,S85+,1.3340750541255573,1-2%
2025-10-03,SALZERELEC,small_cap,short,86.20902600652785,deep,morning,2025-10-03 09:30:00,2025-10-03 09:45:00,777.9,790.8344999999999,764.9655,752.0310000000001,12.934499999999957,77,False,time,2025-10-03 15:10:00,784.5,-508.20000000000175,63.87479054879999,-572.0747905488017,Fri,S85+,1.6627458542229023,1-2%
2025-10-03,SANDHAR,small_cap,short,91.28755377061505,deep,morning,2025-10-03 09:15:00,2025-10-03 09:30:00,456.05,464.25974999999994,447.8402500000001,439.63050000000015,8.209749999999929,121,False,time,2025-10-03 15:10:00,455.65,48.40000000000413,58.627748874199995,-10.227748874195868,Fri,S85+,1.800186383072016,1-2%
2025-10-10,SANDHAR,small_cap,short,91.25589390033753,deep,morning,2025-10-10 09:45:00,2025-10-10 10:00:00,504.5,510.4394999999999,498.5605000000001,492.6210000000002,5.939499999999896,168,True,be,2025-10-10 11:25:00,501.5302500000001,498.91799999999125,77.23881580529202,421.67918419469925,Fri,S85+,1.1773042616451725,1-2%
2026-04-17,SATIN,small_cap,short,86.08146384353095,deep,mid,2026-04-17 12:45:00,2026-04-17 13:00:00,175.48,178.53824999999998,172.42175,169.36350000000002,3.058249999999987,326,False,time,2026-04-17 15:10:00,176.91,-466.1800000000022,60.99618447084,-527.1761844708423,Fri,S85+,1.7427912012764915,1-2%
2025-10-03,SBC,small_cap,short,85.7058117795536,deep,morning,2025-10-03 09:15:00,2025-10-03 09:30:00,22.22,22.441649999999996,21.998350000000002,21.776700000000005,0.2216499999999968,4511,False,sl,2025-10-03 11:20:00,22.441649999999996,-999.8631499999856,82.83177180452888,-1082.6949218045145,Fri,S85+,0.9975247524752331,0.5-1%
2025-10-03,SCILAL,small_cap,short,87.82961521271612,deep,morning,2025-10-03 09:15:00,2025-10-03 09:30:00,50.74,52.00874999999999,49.47125000000001,48.20250000000002,1.26874999999999,788,False,time,2025-10-03 15:10:00,50.74,0.0,42.49453973343999,-42.49453973343999,Fri,S85+,2.5004927079227235,2-3%
2026-03-27,SEPC,small_cap,short,92.31862905095252,deep,morning,2026-03-27 09:15:00,2026-03-27 09:30:00,5.53,6.0802499999999995,4.979750000000001,4.429500000000002,0.5502499999999992,1817,False,time,2026-03-27 15:10:00,5.15,690.4599999999998,10.388181617359999,680.0718183826398,Fri,S85+,9.950271247739588,3%+
2026-02-06,SGFIN,small_cap,short,87.77177517655343,deep,mid,2026-02-06 12:45:00,2026-02-06 13:00:00,373.1,390.59324999999995,355.6067500000001,338.11350000000016,17.493249999999932,57,False,time,2026-02-06 15:10:00,371.9,68.40000000000259,22.57367979,45.82632021000259,Fri,S85+,4.688622353256481,3%+
2025-10-10,SHANTIGOLD,small_cap,short,85.55536735757165,deep,morning,2025-10-10 10:00:00,2025-10-10 10:15:00,229.0,233.04944999999995,224.95055000000005,220.9011000000001,4.0494499999999505,246,True,t2,2025-10-10 11:25:00,222.9258250000001,1494.2470499999818,59.24276653564772,1435.004283464334,Fri,S85+,1.768318777292555,1-2%
2025-10-31,SHANTIGOLD,small_cap,short,90.02315968518077,deep,morning,2025-10-31 09:45:00,2025-10-31 10:00:00,238.43,245.06924999999998,231.79075000000003,225.15150000000006,6.639249999999976,150,False,time,2025-10-31 15:10:00,238.52,-13.500000000000512,38.016628755,-51.51662875500051,Fri,S85+,2.784569894728002,2-3%
2025-10-03,SHAREINDIA,small_cap,short,89.70022319496437,deep,morning,2025-10-03 09:45:00,2025-10-03 10:00:00,135.33,137.484,133.17600000000002,131.02200000000002,2.1539999999999964,464,False,sl,2025-10-03 13:15:00,137.484,-999.4559999999983,67.15845820857598,-1066.6144582085742,Fri,S85+,1.5916648193305225,1-2%
2025-10-17,SHAREINDIA,small_cap,short,92.71509488529712,deep,morning,2025-10-17 10:00:00,2025-10-17 10:15:00,194.45,198.48749999999998,190.4125,186.375,4.037499999999994,247,True,be,2025-10-17 14:05:00,192.43942307692308,496.6124999999993,50.83668148262499,445.77581851737426,Fri,S85+,2.076369246592952,2-3%
2026-03-06,SHAREINDIA,small_cap,short,88.56778220648934,deep,mid,2026-03-06 12:45:00,2026-03-06 13:00:00,133.5,139.695,127.305,121.11000000000001,6.194999999999993,161,False,sl,2026-03-06 13:45:00,139.695,-997.3949999999988,23.263857959369997,-1020.6588579593688,Fri,S85+,4.640449438202242,3%+
2025-11-14,SHREERAMA,small_cap,short,86.07909203353599,deep,morning,2025-11-14 09:30:00,2025-11-14 09:45:00,56.0,56.78249999999999,55.21750000000001,54.43500000000002,0.7824999999999918,1277,True,be,2025-11-14 13:30:00,55.60905638214567,499.2349999999947,72.53966430959,426.6953356904047,Fri,S85+,1.397321428571414,1-2%
2025-10-03,SIGACHI,small_cap,short,87.9486396634008,deep,morning,2025-10-03 09:15:00,2025-10-03 09:30:00,40.52,41.054249999999996,39.98575000000001,39.45150000000002,0.534249999999993,1871,True,time,2025-10-03 15:10:00,40.04290553180118,892.6437499999951,74.03916422642752,818.6045857735676,Fri,S85+,1.3184846989140993,1-2%
2025-11-28,SIGACHI,small_cap,short,89.18060584861291,deep,morning,2025-11-28 10:30:00,2025-11-28 10:45:00,37.3,38.511599999999994,36.0884,34.8768,1.2115999999999971,825,False,sl,2025-11-28 11:10:00,38.511599999999994,-999.5699999999977,33.12660706541999,-1032.6966070654175,Fri,S85+,3.248257372654148,3%+
2026-02-06,SINDHUTRAD,small_cap,short,88.15356148657693,deep,morning,2026-02-06 09:45:00,2026-02-06 10:00:00,25.1,25.37625,24.823750000000004,24.547500000000007,0.27624999999999744,3619,True,t2,2026-02-06 10:45:00,24.68558683337939,1499.7612499999861,79.3289292559825,1420.4323207440036,Fri,S85+,1.1005976095617427,1-2%
2025-10-03,SIYSIL,small_cap,short,86.17299564536651,deep,morning,2025-10-03 09:45:00,2025-10-03 10:00:00,679.0,692.59575,665.40425,651.8085000000001,13.595749999999953,73,False,sl,2025-10-03 14:35:00,692.59575,-992.4897499999965,53.098643539588494,-1045.588393539585,Fri,S85+,2.0023195876288593,2-3%
2025-10-03,SJS,small_cap,short,87.07860615068802,deep,morning,2025-10-03 09:30:00,2025-10-03 09:45:00,1517.7,1536.6449999999998,1498.7550000000003,1479.8100000000006,18.94499999999971,52,False,sl,2025-10-03 13:55:00,1536.645,-985.1399999999849,75.26830931164,-1060.4083093116249,Fri,S85+,1.2482704091717538,1-2%
2026-01-02,SJS,small_cap,short,89.6551854190354,deep,morning,2026-01-02 09:45:00,2026-01-02 10:00:00,1844.7,1878.3449999999998,1811.0550000000003,1777.4100000000005,33.644999999999754,29,True,time,2026-01-02 15:10:00,1823.6989655172415,609.0299999999972,56.599860699420006,552.4301393005773,Fri,S85+,1.8238738006179736,1-2%
2025-12-12,SMCGLOBAL,small_cap,short,85.7205293275081,deep,morning,2025-12-12 09:45:00,2025-12-12 10:00:00,77.0,78.69149999999999,75.30850000000001,73.61700000000002,1.6914999999999907,591,False,sl,2025-12-12 10:50:00,78.69149999999999,-999.6764999999945,48.786655359159006,-1048.4631553591535,Fri,S85+,2.196753246753235,2-3%
2025-10-03,SMSPHARMA,small_cap,short,93.89853661587483,deep,morning,2025-10-03 09:30:00,2025-10-03 09:45:00,265.34,269.07869999999997,261.6013,257.8626,3.7386999999999944,267,False,sl,2025-10-03 15:00:00,269.07869999999997,-998.2328999999985,72.40421978021739,-1070.637119780216,Fri,S85+,1.4090223863721998,1-2%
2025-10-03,SPANDANA,small_cap,short,91.17839629614255,deep,morning,2025-10-03 09:15:00,2025-10-03 09:30:00,259.85,262.75724999999994,256.9427500000001,254.03550000000018,2.9072499999999195,343,True,be,2025-10-03 12:40:00,258.400612973761,497.13974999998624,78.79036888061151,418.3493811193747,Fri,S85+,1.1188185491629477,1-2%
2025-10-03,SPARC,small_cap,short,89.36331832396876,deep,morning,2025-10-03 09:15:00,2025-10-03 09:30:00,132.59,134.2077,130.97230000000002,129.35460000000003,1.617699999999985,618,True,time,2025-10-03 15:10:00,131.41115,728.5292999999982,76.2244080174442,652.304891982554,Fri,S85+,1.2200769288784863,1-2%
2025-10-03,SPORTKING,small_cap,short,88.22583183557451,deep,morning,2025-10-03 09:15:00,2025-10-03 09:30:00,102.5,105.52499999999999,99.47500000000001,96.45000000000002,3.0249999999999915,330,False,time,2025-10-03 15:10:00,105.01,-828.3000000000017,36.2986664898,-864.5986664898016,Fri,S85+,2.9512195121951135,2-3%
2026-01-16,STYLEBAAZA,small_cap,short,92.98804226666354,deep,morning,2026-01-16 09:45:00,2026-01-16 10:00:00,286.65,293.20874999999995,280.09125,273.5325,6.558749999999975,152,False,sl,2026-01-16 11:50:00,293.20874999999995,-996.9299999999962,46.72768137318,-1043.6576813731763,Fri,S85+,2.2880690737833507,2-3%
2025-10-03,SUNCLAY,small_cap,short,85.6264494839161,deep,morning,2025-10-03 09:30:00,2025-10-03 09:45:00,1712.8,1733.7254999999998,1691.8745000000001,1670.9490000000003,20.92549999999983,47,False,time,2025-10-03 15:10:00,1702.2999999999997,493.5,75.72966883820001,417.77033116179996,Fri,S85+,1.221712984586632,1-2%
2025-10-03,SUNDROP,small_cap,short,90.23808592922046,deep,morning,2025-10-03 09:45:00,2025-10-03 10:00:00,817.85,824.1502499999999,811.5497500000001,805.2495000000002,6.300249999999892,158,True,time,2025-10-03 15:10:00,811.0748750000001,1070.4697499999916,92.9767569996315,977.49299300036,Fri,S85+,0.7703429724276936,0.5-1%
2025-10-03,SUYOG,small_cap,short,86.85341378434526,deep,morning,2025-10-03 09:15:00,2025-10-03 09:30:00,836.8,856.2599999999999,817.34,797.8800000000001,19.459999999999923,51,False,time,2025-10-03 15:10:00,825.5,576.2999999999977,45.1145588838,531.1854411161977,Fri,S85+,2.3255258126194938,2-3%
2025-10-10,SWELECTES,small_cap,short,87.05778292411625,deep,morning,2025-10-10 10:15:00,2025-10-10 10:30:00,954.0,977.8649999999999,930.1350000000001,906.2700000000002,23.864999999999895,41,True,time,2025-10-10 15:10:00,932.4475609756097,883.6499999999984,41.198453156099994,842.4515468438984,Fri,S85+,2.5015723270440144,2-3%
2025-10-03,TAJGVK,small_cap,short,85.97494937732517,deep,morning,2025-10-03 09:45:00,2025-10-03 10:00:00,418.0,421.89899999999994,414.10100000000006,410.2020000000001,3.898999999999944,256,False,sl,2025-10-03 12:35:00,421.89899999999994,-998.1439999999857,85.23500339046399,-1083.3790033904497,Fri,S85+,0.9327751196172116,0.5-1%
2025-12-26,TARC,small_cap,short,86.85316802114103,deep,morning,2025-12-26 09:45:00,2025-12-26 10:00:00,162.72,166.3275,159.1125,155.50500000000002,3.6074999999999875,277,True,be,2025-12-26 11:20:00,160.92276173285197,497.8349999999983,47.69480225727,450.1401977427283,Fri,S85+,2.2169985250737385,2-3%
2025-10-17,TASTYBITE,small_cap,short,86.74536656481726,deep,morning,2025-10-17 10:15:00,2025-10-17 10:30:00,9181.0,9286.199999999999,9075.800000000001,8970.600000000002,105.19999999999891,9,True,t2,2025-10-17 13:25:00,9017.355555555558,1472.7999999999847,76.41848519120002,1396.3815148087847,Fri,S85+,1.1458446792288304,1-2%
2025-10-03,TINNARUBR,small_cap,short,90.89205518474199,deep,morning,2025-10-03 09:15:00,2025-10-03 09:30:00,985.15,1007.6129999999999,962.687,940.224,22.462999999999965,44,False,time,2025-10-03 15:10:00,979.0,270.599999999999,45.9552541756,224.644745824399,Fri,S85+,2.2801603816677627,2-3%
2026-02-20,TINNARUBR,small_cap,short,87.90600057488027,deep,afternoon,2026-02-20 13:45:00,2026-02-20 14:00:00,765.1,781.83975,748.3602500000001,731.6205000000001,16.739749999999958,59,False,sl,2026-02-20 14:40:00,781.83975,-987.6452499999975,48.392489845021494,-1036.0377398450191,Fri,S85+,2.187916612207549,2-3%
2025-12-12,TIRUMALCHM,small_cap,short,86.20498602891819,deep,morning,2025-12-12 10:00:00,2025-12-12 10:15:00,244.2,251.24999999999997,237.15,230.10000000000002,7.049999999999983,141,True,time,2025-12-12 15:10:00,235.81560283687944,1182.199999999998,36.096769173199995,1146.103230826798,Fri,S85+,2.88697788697788,2-3%
2026-04-17,UGROCAP,small_cap,short,87.75898881768138,deep,mid,2026-04-17 11:15:00,2026-04-17 11:30:00,114.1,115.37399999999998,112.82600000000001,111.55200000000002,1.2739999999999867,784,False,sl,2026-04-17 12:20:00,115.37399999999998,-998.8159999999896,79.006820764096,-1077.8228207640855,Fri,S85+,1.1165644171779026,1-2%
2026-04-17,UNIVCABLES,small_cap,short,85.83297351941022,deep,mid,2026-04-17 11:45:00,2026-04-17 12:00:00,844.7,869.9279999999999,819.4720000000002,794.2440000000004,25.227999999999838,39,False,time,2026-04-17 15:10:00,845.15,-17.54999999999734,35.0199302349,-52.56993023489734,Fri,S85+,2.986622469515785,2-3%
2025-11-21,URJA,small_cap,short,91.0813177484241,deep,morning,2025-11-21 09:15:00,2025-11-21 09:30:00,13.12,13.4469,12.793099999999999,12.466199999999999,0.3269000000000002,3059,True,t2,2025-11-21 15:10:00,12.62959656750572,1500.144100000001,42.0228121083554,1458.1212878916456,Fri,S85+,2.491615853658538,2-3%
2025-10-03,UTKARSHBNK,small_cap,short,89.88666029150372,deep,morning,2025-10-03 09:15:00,2025-10-03 09:30:00,22.13,22.68285,21.57715,21.0243,0.5528499999999994,1808,False,time,2025-10-03 15:10:00,22.11,36.15999999999923,42.50897540352,-6.348975403520768,Fri,S85+,2.498192498870309,2-3%
2026-02-06,UTKARSHBNK,small_cap,short,85.60132159675946,deep,morning,2026-02-06 09:15:00,2026-02-06 09:30:00,13.83,14.32125,13.338750000000001,12.847500000000002,0.4912499999999991,2035,False,time,2026-02-06 15:10:00,14.07,-488.40000000000043,30.117648759,-518.5176487590004,Fri,S85+,3.5520607375271083,3%+
2025-10-03,UTTAMSUGAR,small_cap,short,92.25686386765982,deep,morning,2025-10-03 09:15:00,2025-10-03 09:30:00,253.98,258.28499999999997,249.675,245.37000000000003,4.304999999999978,232,False,time,2025-10-03 15:10:00,256.59,-605.5199999999966,62.87962384944,-668.3996238494366,Fri,S85+,1.695015355539798,1-2%
2026-03-20,UTTAMSUGAR,small_cap,short,89.79340879377258,deep,morning,2026-03-20 10:15:00,2026-03-20 10:30:00,222.04,227.87369999999999,216.2063,210.3726,5.833699999999993,171,False,sl,2026-03-20 13:25:00,227.87369999999999,-997.5626999999988,40.7741176852362,-1038.336817685235,Fri,S85+,2.627319401909563,2-3%
2026-04-17,VENKEYS,small_cap,short,89.05520849415517,deep,morning,2026-04-17 09:45:00,2026-04-17 10:00:00,1609.0,1649.205,1568.795,1528.5900000000001,40.20499999999993,24,False,time,2026-04-17 15:10:00,1586.4000000000003,542.3999999999978,40.8129775776,501.5870224223978,Fri,S85+,2.498756991920443,2-3%
2025-10-03,VERANDA,small_cap,short,87.91530946156453,deep,morning,2025-10-03 09:45:00,2025-10-03 10:00:00,232.94,237.67245,228.20755,223.4751,4.73245,211,False,sl,2025-10-03 12:50:00,237.67245,-998.54695,52.658364832091706,-1051.2053148320917,Fri,S85+,2.0316175839271913,2-3%
2025-11-28,VERANDA,small_cap,short,88.00847709969867,deep,morning,2025-11-28 09:15:00,2025-11-28 09:30:00,218.79,225.10995,212.47005,206.15009999999998,6.319950000000006,158,True,time,2025-11-28 15:10:00,212.56502500000002,983.5460500000002,36.3256845150937,947.2203654849064,Fri,S85+,2.888591800356509,2-3%
2026-01-02,VERANDA,small_cap,short,86.91618414363693,deep,morning,2026-01-02 10:00:00,2026-01-02 10:15:00,216.55,219.85379999999998,213.24620000000004,209.94240000000008,3.303799999999967,302,False,time,2026-01-02 15:10:00,215.14,425.82000000000755,69.32644235428,356.49355764572755,Fri,S85+,1.5256522743015317,1-2%
2026-01-23,VINCOFE,small_cap,short,87.0661597933087,deep,morning,2026-01-23 09:45:00,2026-01-23 10:00:00,154.65,157.23224999999996,152.06775000000005,149.4855000000001,2.5822499999999593,387,True,t2,2026-01-23 13:20:00,150.77328875969,1500.2872499999762,62.976589885726504,1437.3106601142497,Fri,S85+,1.6697381183316904,1-2%
2025-10-03,VISHNU,small_cap,short,85.4459876514231,deep,morning,2025-10-03 09:30:00,2025-10-03 09:45:00,479.5,487.92749999999995,471.07250000000005,462.6450000000001,8.427499999999952,118,False,time,2025-10-03 15:10:00,482.5,-354.0,60.28414349599999,-414.284143496,Fri,S85+,1.7575599582898755,1-2%
2025-10-31,VISHNU,small_cap,short,87.6458096447552,deep,morning,2025-10-31 11:00:00,2025-10-31 11:15:00,511.0,516.771,505.22900000000004,499.4580000000001,5.770999999999958,173,False,sl,2025-10-31 11:50:00,516.771,-998.3829999999928,78.633742240498,-1077.0167422404907,Fri,S85+,1.1293542074363911,1-2%
2026-04-17,VISHNU,small_cap,short,88.96876726339326,deep,morning,2026-04-17 09:45:00,2026-04-17 10:00:00,602.0,615.8639999999999,588.1360000000001,574.2720000000002,13.863999999999919,72,True,time,2026-04-17 15:10:00,584.7180000000001,1244.3039999999987,45.542166156575995,1198.7618338434227,Fri,S85+,2.302990033222578,2-3%
2025-10-10,VPRPL,small_cap,short,91.37951672889352,deep,morning,2025-10-10 10:30:00,2025-10-10 10:45:00,97.9,100.92209999999999,94.87790000000003,91.85580000000004,3.0220999999999805,330,True,be,2025-10-10 15:00:00,96.38895000000001,498.64649999999676,34.126134657021,464.52036534297577,Fri,S85+,3.0869254341164254,3%+
2026-04-10,VPRPL,small_cap,short,88.46036943988571,deep,morning,2026-04-10 10:00:00,2026-04-10 10:15:00,42.65,43.717499999999994,41.5825,40.51500000000001,1.0674999999999955,936,False,time,2026-04-10 15:10:00,42.6,46.79999999999734,42.408158364,4.391841635997338,Fri,S85+,2.5029308323563786,2-3%
2025-10-31,VRLLOG,small_cap,short,92.41563690706342,deep,mid,2025-10-31 12:30:00,2025-10-31 12:45:00,280.5,284.36474999999996,276.63525000000004,272.7705000000001,3.864749999999958,258,False,sl,2025-10-31 13:50:00,284.36474999999996,-997.1054999999892,72.94460052133302,-1070.0501005213223,Fri,S85+,1.377807486631001,1-2%
2026-04-10,VRLLOG,small_cap,short,89.66147093823632,deep,morning,2026-04-10 09:30:00,2026-04-10 09:45:00,259.49,267.07874999999996,251.90125000000006,244.3125000000001,7.588749999999948,131,False,time,2026-04-10 15:10:00,263.06,-467.6699999999991,36.3254491943,-503.9954491942991,Fri,S85+,2.924486492735731,2-3%
2026-04-17,VSTIND,small_cap,short,92.53848024201437,deep,morning,2026-04-17 09:15:00,2026-04-17 09:30:00,277.41,288.21389999999997,266.6061000000001,255.80220000000014,10.803899999999942,92,True,time,2026-04-17 15:10:00,265.36305000000004,1108.3193999999983,26.657737831563605,1081.6616621684348,Fri,S85+,3.894560397966887,3%+
2026-03-20,WEBELSOLAR,small_cap,short,89.50410343643321,deep,mid,2026-03-20 12:00:00,2026-03-20 12:15:00,74.82,75.22424999999998,74.41575,74.01150000000001,0.40424999999999045,2473,False,time,2026-03-20 15:10:00,74.85,-74.19000000000281,112.85581553746002,-187.04581553746283,Fri,S85+,0.5402967121090491,0.5-1%
2026-04-24,WEBELSOLAR,small_cap,short,97.84543318108543,deep,morning,2026-04-24 09:15:00,2026-04-24 09:30:00,109.05,112.6806,105.4194,101.7888,3.630600000000001,275,True,be,2026-04-24 10:30:00,107.24130109090909,497.3922000000002,31.662799307566797,465.7294006924334,Fri,S85+,3.329298486932601,3%+
2026-04-10,WEL,small_cap,short,91.02240626156419,deep,afternoon,2026-04-10 14:15:00,2026-04-10 14:30:00,86.12,87.25409999999998,84.98590000000003,83.85180000000005,1.1340999999999752,881,False,sl,2026-04-10 14:50:00,87.25409999999998,-999.1420999999782,74.1875448890326,-1073.3296448890108,Fri,S85+,1.316883418485805,1-2%
2025-10-03,ZOTA,small_cap,short,86.8469409323997,deep,morning,2025-10-03 09:15:00,2025-10-03 09:30:00,1474.9,1505.4899999999998,1444.3100000000004,1413.7200000000007,30.58999999999969,32,False,sl,2025-10-03 15:00:00,1505.4899999999998,-978.8799999999901,50.573831306879995,-1029.4538313068701,Fri,S85+,2.074038917892717,2-3%
2025-12-05,ZUARI,small_cap,short,88.99518744071668,deep,morning,2025-12-05 09:30:00,2025-12-05 09:45:00,292.6,298.7865,286.41350000000006,280.2270000000001,6.186499999999967,161,False,sl,2025-12-05 10:05:00,298.7865,-996.0264999999947,50.487316926459,-1046.5138169264537,Fri,S85+,2.1143198906356684,2-3%
2026-02-27,ZUARIIND,small_cap,short,87.01831801266184,deep,afternoon,2026-02-27 14:00:00,2026-02-27 14:15:00,264.0,271.34999999999997,256.65000000000003,249.30000000000007,7.349999999999966,136,False,time,2026-02-27 15:10:00,263.15,115.60000000000309,38.110487514400006,77.48951248560309,Fri,S85+,2.7840909090908963,2-3%
